-- Script was generated by Devart dbForge Studio for MySQL, Version 6.1.164.0
-- Product home page: http://www.devart.com/dbforge/mysql/studio
-- Script date 4/12/2014 11:29:54 AM
-- Server version: 5.5.29
-- Client version: 4.1

-- 
-- Disable foreign keys
-- 
/*!40014 SET @OLD_FOREIGN_KEY_CHECKS=@@FOREIGN_KEY_CHECKS, FOREIGN_KEY_CHECKS=0 */;

-- 
-- Set SQL mode
-- 
/*!40101 SET @OLD_SQL_MODE=@@SQL_MODE, SQL_MODE='NO_AUTO_VALUE_ON_ZERO' */;

-- 
-- Set character set the client will use to send SQL statements to the server
--
SET NAMES 'utf8';

-- 
-- Set default database
--
USE lsdrep;

--
-- Definition for table players
--
DROP TABLE IF EXISTS players;
CREATE TABLE players (
  id INT(11) NOT NULL AUTO_INCREMENT,
  code_name VARCHAR(255) NOT NULL,
  first_name VARCHAR(255) DEFAULT NULL,
  last_name VARCHAR(255) DEFAULT NULL,
  is_admin TINYINT(1) NOT NULL DEFAULT 0,
  PRIMARY KEY (id),
  UNIQUE INDEX UK_players_code_name (code_name)
)
ENGINE = INNODB
AUTO_INCREMENT = 85
AVG_ROW_LENGTH = 195
CHARACTER SET utf8
COLLATE utf8_general_ci;

--
-- Definition for table score_methods
--
DROP TABLE IF EXISTS score_methods;
CREATE TABLE score_methods (
  id INT(11) NOT NULL AUTO_INCREMENT,
  name VARCHAR(50) NOT NULL,
  proc VARCHAR(1024) NOT NULL,
  code VARCHAR(20) NOT NULL,
  PRIMARY KEY (id)
)
ENGINE = INNODB
AUTO_INCREMENT = 3
AVG_ROW_LENGTH = 8192
CHARACTER SET utf8
COLLATE utf8_general_ci;

--
-- Definition for table systems
--
DROP TABLE IF EXISTS systems;
CREATE TABLE systems (
  id INT(11) NOT NULL AUTO_INCREMENT,
  system_name VARCHAR(255) NOT NULL,
  PRIMARY KEY (id)
)
ENGINE = INNODB
AUTO_INCREMENT = 9
AVG_ROW_LENGTH = 2048
CHARACTER SET utf8
COLLATE utf8_general_ci;

--
-- Definition for table target_types
--
DROP TABLE IF EXISTS target_types;
CREATE TABLE target_types (
  id INT(11) NOT NULL AUTO_INCREMENT,
  code VARCHAR(2) NOT NULL,
  name VARCHAR(50) NOT NULL,
  descr VARCHAR(255) DEFAULT NULL,
  sort_order INT(11) NOT NULL DEFAULT 0,
  point_value DECIMAL(10, 4) DEFAULT NULL,
  PRIMARY KEY (id)
)
ENGINE = INNODB
AUTO_INCREMENT = 8
AVG_ROW_LENGTH = 2340
CHARACTER SET utf8
COLLATE utf8_general_ci;

--
-- Definition for table lsevents
--
DROP TABLE IF EXISTS lsevents;
CREATE TABLE lsevents (
  id INT(11) NOT NULL AUTO_INCREMENT,
  lsevent_name VARCHAR(255) NOT NULL,
  scheduled DATETIME DEFAULT NULL,
  actual DATETIME DEFAULT NULL,
  edit_code VARCHAR(50) DEFAULT NULL,
  score_method_id INT(11) DEFAULT NULL,
  PRIMARY KEY (id),
  UNIQUE INDEX event_name (lsevent_name),
  CONSTRAINT FK_lsevents_score_methods_id FOREIGN KEY (score_method_id)
    REFERENCES score_methods(id) ON DELETE SET NULL ON UPDATE CASCADE
)
ENGINE = INNODB
AUTO_INCREMENT = 9
AVG_ROW_LENGTH = 3276
CHARACTER SET utf8
COLLATE utf8_general_ci;

--
-- Definition for table match_player_hits
--
DROP TABLE IF EXISTS match_player_hits;
CREATE TABLE match_player_hits (
  id INT(11) NOT NULL AUTO_INCREMENT,
  player_id INT(11) NOT NULL,
  total_hits DECIMAL(10, 2) NOT NULL DEFAULT 0.00,
  front DECIMAL(10, 2) NOT NULL DEFAULT 0.00,
  back DECIMAL(10, 2) NOT NULL DEFAULT 0.00,
  PRIMARY KEY (id),
  CONSTRAINT FK_match_player_hits_players_player_id FOREIGN KEY (player_id)
    REFERENCES players(id) ON DELETE RESTRICT ON UPDATE RESTRICT
)
ENGINE = INNODB
AUTO_INCREMENT = 1
CHARACTER SET utf8
COLLATE utf8_general_ci;

--
-- Definition for table system_metadatadefs
--
DROP TABLE IF EXISTS system_metadatadefs;
CREATE TABLE system_metadatadefs (
  id INT(11) NOT NULL AUTO_INCREMENT,
  system_id INT(11) NOT NULL,
  field_name VARCHAR(255) NOT NULL,
  sort_order TINYINT(4) NOT NULL DEFAULT 0,
  decimal_places TINYINT(4) DEFAULT NULL,
  PRIMARY KEY (id),
  CONSTRAINT FK_system_metadatadefs_systems_system_id FOREIGN KEY (system_id)
    REFERENCES systems(id) ON DELETE CASCADE ON UPDATE CASCADE
)
ENGINE = INNODB
AUTO_INCREMENT = 1
CHARACTER SET utf8
COLLATE utf8_general_ci;

--
-- Definition for table system_target_types
--
DROP TABLE IF EXISTS system_target_types;
CREATE TABLE system_target_types (
  id INT(11) NOT NULL AUTO_INCREMENT,
  system_id INT(11) NOT NULL,
  target_type_id INT(11) NOT NULL,
  hit_for_point_value DECIMAL(10, 4) DEFAULT NULL,
  hit_against_point_value DECIMAL(10, 4) DEFAULT NULL,
  sort_order INT(11) NOT NULL DEFAULT 0,
  PRIMARY KEY (id),
  CONSTRAINT FK_system_target_types_systems_id FOREIGN KEY (system_id)
    REFERENCES systems(id) ON DELETE CASCADE ON UPDATE CASCADE,
  CONSTRAINT FK_system_target_types_target_types_id FOREIGN KEY (target_type_id)
    REFERENCES target_types(id) ON DELETE RESTRICT ON UPDATE CASCADE
)
ENGINE = INNODB
AUTO_INCREMENT = 1
CHARACTER SET utf8
COLLATE utf8_general_ci;

--
-- Definition for table lsevent_players
--
DROP TABLE IF EXISTS lsevent_players;
CREATE TABLE lsevent_players (
  id INT(11) NOT NULL AUTO_INCREMENT,
  lsevent_id INT(11) NOT NULL,
  player_id INT(11) NOT NULL,
  alias VARCHAR(255) DEFAULT NULL,
  team_id INT(11) DEFAULT NULL,
  sort_order TINYINT(4) NOT NULL DEFAULT 0,
  is_captain TINYINT(1) NOT NULL DEFAULT 0,
  is_admin TINYINT(1) NOT NULL DEFAULT 0,
  PRIMARY KEY (id),
  UNIQUE INDEX event_id (lsevent_id, player_id),
  CONSTRAINT FK_event_players_events_event_id FOREIGN KEY (lsevent_id)
    REFERENCES lsevents(id) ON DELETE CASCADE ON UPDATE CASCADE,
  CONSTRAINT FK_event_players_players_player_id FOREIGN KEY (player_id)
    REFERENCES players(id) ON DELETE RESTRICT ON UPDATE RESTRICT
)
ENGINE = INNODB
AUTO_INCREMENT = 169
AVG_ROW_LENGTH = 157
CHARACTER SET utf8
COLLATE utf8_general_ci;

--
-- Definition for table match_player_hit_details
--
DROP TABLE IF EXISTS match_player_hit_details;
CREATE TABLE match_player_hit_details (
  id INT(11) NOT NULL AUTO_INCREMENT,
  match_player_hit_id INT(11) NOT NULL,
  target_type_id INT(11) NOT NULL,
  hit_count INT(11) NOT NULL,
  score_override DECIMAL(10, 4) DEFAULT NULL,
  PRIMARY KEY (id),
  CONSTRAINT FK_match_player_hit_details_match_player_hits_id FOREIGN KEY (match_player_hit_id)
    REFERENCES match_player_hits(id) ON DELETE CASCADE ON UPDATE CASCADE,
  CONSTRAINT FK_match_player_hit_details_target_types_id FOREIGN KEY (target_type_id)
    REFERENCES target_types(id) ON DELETE RESTRICT ON UPDATE CASCADE
)
ENGINE = INNODB
AUTO_INCREMENT = 1
CHARACTER SET utf8
COLLATE utf8_general_ci;

--
-- Definition for table series
--
DROP TABLE IF EXISTS series;
CREATE TABLE series (
  id INT(11) NOT NULL AUTO_INCREMENT,
  lsevent_id INT(11) NOT NULL,
  name VARCHAR(255) DEFAULT NULL,
  PRIMARY KEY (id),
  CONSTRAINT FK_series_lsevents_id FOREIGN KEY (lsevent_id)
    REFERENCES lsevents(id) ON DELETE CASCADE ON UPDATE CASCADE
)
ENGINE = INNODB
AUTO_INCREMENT = 17
AVG_ROW_LENGTH = 1092
CHARACTER SET utf8
COLLATE utf8_general_ci;

--
-- Definition for table teams
--
DROP TABLE IF EXISTS teams;
CREATE TABLE teams (
  id INT(11) NOT NULL AUTO_INCREMENT,
  lsevent_id INT(11) NOT NULL,
  team_name VARCHAR(255) NOT NULL,
  PRIMARY KEY (id),
  CONSTRAINT FK_teams_events_event_id FOREIGN KEY (lsevent_id)
    REFERENCES lsevents(id) ON DELETE CASCADE ON UPDATE CASCADE
)
ENGINE = INNODB
AUTO_INCREMENT = 22
AVG_ROW_LENGTH = 819
CHARACTER SET utf8
COLLATE utf8_general_ci;

--
-- Definition for table matches
--
DROP TABLE IF EXISTS matches;
CREATE TABLE matches (
  id INT(11) NOT NULL AUTO_INCREMENT,
  lsevent_id INT(11) NOT NULL,
  guid VARCHAR(255) DEFAULT NULL,
  scheduled DATETIME DEFAULT NULL,
  actual DATETIME DEFAULT NULL,
  system_id INT(11) DEFAULT NULL,
  series_id INT(11) DEFAULT NULL,
  PRIMARY KEY (id),
  CONSTRAINT FK_matches_events_event_id FOREIGN KEY (lsevent_id)
    REFERENCES lsevents(id) ON DELETE CASCADE ON UPDATE CASCADE,
  CONSTRAINT FK_matches_series_id FOREIGN KEY (series_id)
    REFERENCES series(id) ON DELETE SET NULL ON UPDATE CASCADE,
  CONSTRAINT FK_matches_systems_id FOREIGN KEY (system_id)
    REFERENCES systems(id) ON DELETE CASCADE ON UPDATE CASCADE
)
ENGINE = INNODB
AUTO_INCREMENT = 225
AVG_ROW_LENGTH = 74
CHARACTER SET utf8
COLLATE utf8_general_ci;

--
-- Definition for table packsets
--
DROP TABLE IF EXISTS packsets;
CREATE TABLE packsets (
  id INT(11) NOT NULL AUTO_INCREMENT,
  lsevent_id INT(11) NOT NULL,
  series_id INT(11) DEFAULT NULL,
  descr VARCHAR(100) NOT NULL,
  color VARCHAR(100) DEFAULT NULL,
  PRIMARY KEY (id),
  CONSTRAINT FK_packsets_lsevents_id FOREIGN KEY (lsevent_id)
    REFERENCES lsevents(id) ON DELETE CASCADE ON UPDATE CASCADE,
  CONSTRAINT FK_packsets_series_id FOREIGN KEY (series_id)
    REFERENCES series(id) ON DELETE CASCADE ON UPDATE CASCADE
)
ENGINE = INNODB
AUTO_INCREMENT = 12
AVG_ROW_LENGTH = 1489
CHARACTER SET utf8
COLLATE utf8_general_ci;

--
-- Definition for table match_teams
--
DROP TABLE IF EXISTS match_teams;
CREATE TABLE match_teams (
  id INT(11) NOT NULL AUTO_INCREMENT,
  match_id INT(11) NOT NULL,
  team_id INT(11) NOT NULL,
  score_override DECIMAL(10, 2) DEFAULT NULL,
  sort_order TINYINT(4) NOT NULL DEFAULT 0,
  packset_id INT(11) DEFAULT NULL,
  PRIMARY KEY (id),
  CONSTRAINT FK_match_teams_matches_match_id FOREIGN KEY (match_id)
    REFERENCES matches(id) ON DELETE CASCADE ON UPDATE CASCADE,
  CONSTRAINT FK_match_teams_packsets_id FOREIGN KEY (packset_id)
    REFERENCES packsets(id) ON DELETE SET NULL ON UPDATE CASCADE,
  CONSTRAINT FK_match_teams_teams_team_id FOREIGN KEY (team_id)
    REFERENCES teams(id) ON DELETE CASCADE ON UPDATE CASCADE
)
ENGINE = INNODB
AUTO_INCREMENT = 449
AVG_ROW_LENGTH = 122
CHARACTER SET utf8
COLLATE utf8_general_ci;

--
-- Definition for table packset_details
--
DROP TABLE IF EXISTS packset_details;
CREATE TABLE packset_details (
  id INT(11) NOT NULL AUTO_INCREMENT,
  packset_id INT(11) NOT NULL,
  pack_id VARCHAR(100) NOT NULL,
  PRIMARY KEY (id),
  CONSTRAINT FK_packset_details_packsets_id FOREIGN KEY (packset_id)
    REFERENCES packsets(id) ON DELETE CASCADE ON UPDATE CASCADE
)
ENGINE = INNODB
AUTO_INCREMENT = 1
CHARACTER SET utf8
COLLATE utf8_general_ci;

--
-- Definition for table match_players
--
DROP TABLE IF EXISTS match_players;
CREATE TABLE match_players (
  id INT(11) NOT NULL AUTO_INCREMENT,
  match_id INT(11) NOT NULL,
  player_id INT(11) NOT NULL,
  score DECIMAL(19, 2) DEFAULT NULL,
  packset_detail_id INT(11) DEFAULT NULL,
  PRIMARY KEY (id),
  CONSTRAINT FK_match_players_matches_id FOREIGN KEY (match_id)
    REFERENCES matches(id) ON DELETE RESTRICT ON UPDATE RESTRICT,
  CONSTRAINT FK_match_players_packset_details_id FOREIGN KEY (packset_detail_id)
    REFERENCES packset_details(id) ON DELETE RESTRICT ON UPDATE CASCADE,
  CONSTRAINT FK_match_players_players_player_id FOREIGN KEY (player_id)
    REFERENCES players(id) ON DELETE CASCADE ON UPDATE CASCADE
)
ENGINE = INNODB
AUTO_INCREMENT = 3376
AVG_ROW_LENGTH = 58
CHARACTER SET utf8
COLLATE utf8_general_ci;

DELIMITER $$

--
-- Definition for procedure usp_a20xx_v2_event_summary
--
DROP PROCEDURE IF EXISTS usp_a20xx_v2_event_summary$$
CREATE DEFINER = 'root'@'%'
PROCEDURE usp_a20xx_v2_event_summary(IN lsevent_id INT)
BEGIN
  DROP TABLE IF EXISTS TMP2; 
  DROP TABLE IF EXISTS WRK;

  CREATE TEMPORARY TABLE WRK (
    rank INT,
    games_played INT,
    guid varchar(255), 
    scheduled datetime, 
    team_score int,
    team_name nvarchar(255),
    team_id int,
    series_id int 
  );

  CREATE TEMPORARY TABLE TMP_PNTS_BY_GAME (
    seq INT,
    rank INT,
    prev INT,
    games_played INT,
    guid varchar(255), 
    scheduled datetime, 
    team_score int,
    team_name nvarchar(255),
    team_id int,
    series_id int 
  );

  INSERT INTO WRK (rank, games_played, guid, scheduled, team_score, team_name, team_id, series_id) 
  SELECT
    0, 1, guid, m.scheduled, COALESCE(score_override, SUM(score)) AS team_score, t.team_name, t.id, s.id 
  FROM 
    lsdrep.matches m 
    INNER JOIN
      match_teams mt ON m.id = mt.match_id
    INNER JOIN teams t ON 
      mt.team_id = t.id AND m.lsevent_id = t.lsevent_id
    INNER JOIN lsevent_players lp ON
      lp.lsevent_id = m.lsevent_id AND lp.team_id = t.id
    INNER JOIN match_players mp ON
      mp.match_id = m.id AND mp.player_id = lp.player_id
    LEFT OUTER JOIN series s ON
      s.lsevent_id = m.lsevent_id AND m.series_id = s.id
  WHERE 
    m.lsevent_id = lsevent_id AND t.team_name <> lp.alias
  GROUP BY
    guid, m.scheduled, t.team_name
  ORDER BY  
    m.scheduled, COALESCE(score_override, SUM(score)) ASC, team_name;
  
  SET @seq := 0, @rank := 1, @prev := 999999999, @prevGuid := ''; /* Init Ranking Code */
  INSERT INTO TMP_PNTS_BY_GAME (seq, rank, prev, guid, games_played, scheduled, team_score, team_name, team_id, series_id) 
  SELECT 
    @seq := if(@prevGuid = guid, @seq+1, 1) AS seq
  , @rank := if(@prev = team_score, @rank, @seq) AS Rank
  , @prev := team_score AS prev
  , @prevGuid := guid as guid
  , t.games_played, t.scheduled, t.team_score, t.team_name, t.team_id, t.series_id
  FROM WRK t;

  /*SELECT rank, guid, games_played, scheduled, team_score, team_name, team_id, series_id FROM TMP_PNTS_BY_GAME;*/

  CREATE TEMPORARY TABLE TMP_EVT_SUM (
    sort_order int,
    series_name nvarchar(255),
    series_id int,
    team_name nvarchar(255),
    games_played INT,
    tournament_points INT,
    team_score_sum INT
  );

  INSERT INTO TMP_EVT_SUM (sort_order, series_name, series_id, team_name, games_played, tournament_points, team_score_sum) 
  SELECT 
    0, 'event', 0, team_name, COUNT(tg.games_played), SUM(rank) AS pnts, SUM(team_score) 
  FROM 
    (SELECT rank-1 as rank, team_name, games_played, team_score FROM TMP_PNTS_BY_GAME) tg
  GROUP BY 
    team_name
  ORDER BY 
    SUM(rank) DESC;
  
  INSERT INTO TMP_EVT_SUM (sort_order, series_name, series_id, team_name, games_played, tournament_points, team_score_sum) 
  SELECT 
    1, s.name, s.id, team_name, COUNT(tg.games_played), SUM(rank) AS pnts, SUM(team_score) 
  FROM 
    (SELECT rank-1 as rank, team_name, games_played, team_score, series_id FROM TMP_PNTS_BY_GAME) tg
    INNER JOIN
      series s ON tg.series_id = s.id
  GROUP BY 
    team_name, tg.series_id
  ORDER BY 
    SUM(rank) DESC;
  
  SET @seq := 0, @rank := 1, @prev := 999999999, @prevSeriesId := -1; /* Init Ranking Code */

  SELECT 
    @seq := if(@prevSeriesId = t.series_id, @seq+1, 1) AS seq
    , @rank := if((@prev = t.tournament_points AND @prevSeriesId = t.series_id), @rank, @seq) AS rank
    , @prev := tournament_points AS prev
    , @prevSeriesId := series_id as series_id
    , t.* 
  FROM 
    TMP_EVT_SUM t
  ORDER BY 
    sort_order, series_name, tournament_points DESC;
  DROP TABLE TMP_EVT_SUM;
  DROP TABLE TMP_PNTS_BY_GAME;
  DROP TABLE WRK;
END
$$

--
-- Definition for procedure usp_a20xx_v2_game_details
--
DROP PROCEDURE IF EXISTS usp_a20xx_v2_game_details$$
CREATE DEFINER = 'root'@'%'
PROCEDURE usp_a20xx_v2_game_details(IN lsevent_id INT)
BEGIN
  DROP TABLE IF EXISTS TMP2; 
  DROP TABLE IF EXISTS WRK;

  /* SELECT * FROM TCNT; */
  CREATE TEMPORARY TABLE WRK (
    series_name nvarchar(255),
    match_id int,
    scheduled datetime, 
    color varchar(255), 
    team_name nvarchar(255),
    alias nvarchar(255),
    score INT
  );

  INSERT INTO 
    WRK (series_name, match_id, scheduled, color, team_name, alias, score ) 
  SELECT
    s.name, m.id, m.scheduled, p.color, t.team_name, lp.alias, mp.score
  FROM 
    lsdrep.matches m 
    INNER JOIN
      match_teams mt ON m.id = mt.match_id
    INNER JOIN teams t ON 
      mt.team_id = t.id AND m.lsevent_id = t.lsevent_id
    INNER JOIN lsevent_players lp ON
      lp.lsevent_id = m.lsevent_id AND lp.team_id = t.id
    INNER JOIN match_players mp ON
      mp.match_id = m.id AND mp.player_id = lp.player_id
    INNER JOIN players pl ON
      pl.id = mp.player_id
    LEFT OUTER JOIN series s ON
      s.lsevent_id = m.lsevent_id AND m.series_id = s.id
    LEFT OUTER JOIN packsets p 
      ON p.id = mt.packset_id
  WHERE 
    m.lsevent_id = lsevent_id AND t.team_name <> lp.alias
  GROUP BY
    guid, m.scheduled, t.team_name, lp.alias
  ORDER BY  
    m.scheduled, score DESC, lp.alias, team_name;

  SET @seq := 1, @rank := 1, @prev := 999999999, @prevMid := 0; /* Init Ranking Code */
  SELECT
    @seq := if(@prevMid = match_id, @seq+1, 1) AS seq
  , @rank := if(@prev = score, @rank, @seq) AS rank
  , @prev := score AS prevScore
  , @prevMid := match_id as prevMid
  , w.*
  FROM WRK w;    
  DROP TABLE WRK;
END
$$

--
-- Definition for procedure usp_a20xx_v2_game_summary
--
DROP PROCEDURE IF EXISTS usp_a20xx_v2_game_summary$$
CREATE DEFINER = 'root'@'%'
PROCEDURE usp_a20xx_v2_game_summary(IN lsevent_id INT)
BEGIN
  DROP TABLE IF EXISTS TMP2; 
  DROP TABLE IF EXISTS WRK;

  /* SELECT * FROM TCNT; */
  CREATE TEMPORARY TABLE WRK (
    rank INT,
    games_played INT,
    guid varchar(255), 
    scheduled datetime, 
    team_score int,
    team_name nvarchar(255),
    team_id int,
    series_id int,
    packset_id int,
    packset_color varchar(100) 
  );

  CREATE TEMPORARY TABLE TMP_PNTS_BY_GAME (
    seq INT,
    rank INT,
    prev INT,
    games_played INT,
    guid varchar(255), 
    scheduled datetime, 
    team_score int,
    team_name nvarchar(255),
    team_id int,
    series_id int,
    packset_color varchar(100) 
  );

  INSERT INTO WRK (rank, games_played, guid, scheduled, team_score, team_name, team_id, series_id, packset_id, packset_color) 
  SELECT
    0, 1, guid, m.scheduled, COALESCE(score_override, SUM(score)) AS team_score, t.team_name, t.id, s.id, p.id , p.color 
  FROM 
    lsdrep.matches m 
    INNER JOIN
      match_teams mt ON m.id = mt.match_id
    INNER JOIN teams t ON 
      mt.team_id = t.id AND m.lsevent_id = t.lsevent_id
    INNER JOIN lsevent_players lp ON
      lp.lsevent_id = m.lsevent_id AND lp.team_id = t.id
    INNER JOIN match_players mp ON
      mp.match_id = m.id AND mp.player_id = lp.player_id
    LEFT OUTER JOIN series s ON
      s.lsevent_id = m.lsevent_id AND m.series_id = s.id
    LEFT OUTER JOIN packsets p 
      ON p.id = mt.packset_id
  WHERE 
    m.lsevent_id = lsevent_id AND t.team_name <> lp.alias
  GROUP BY
    guid, m.scheduled, t.team_name
  ORDER BY  
    m.scheduled, COALESCE(score_override, SUM(score)) ASC, team_name;
  
  SET @seq := 0, @rank := 0, @prev := 999999999, @prevGuid := ''; /* Init Ranking Code */
  INSERT INTO TMP_PNTS_BY_GAME (seq, rank, prev, guid, games_played, scheduled, team_score, team_name, team_id, series_id, packset_color) 
  SELECT 
    @seq := if(@prevGuid = guid, @seq+1, 0) AS seq
  , @rank := if(@prev = team_score, @rank, @seq) AS Rank
  , @prev := team_score AS prev
  , @prevGuid := guid as guid
  , t.games_played, t.scheduled, t.team_score, t.team_name, t.team_id, t.series_id, t.packset_color
  FROM WRK t;

  SELECT rank, guid, games_played, scheduled, team_score, team_name, team_id, series_id, packset_color FROM TMP_PNTS_BY_GAME;
  DROP TABLE TMP_PNTS_BY_GAME;
  DROP TABLE WRK;
END
$$

DELIMITER ;

--
-- Definition for view vw_event_detail
--
DROP VIEW IF EXISTS vw_event_detail CASCADE;
CREATE OR REPLACE 
	DEFINER = 'root'@'%'
VIEW vw_event_detail
AS
	select `lsevents`.`id` AS `id`,`lsevents`.`lsevent_name` AS `event_name`,`lsevents`.`scheduled` AS `scheduled`,`lsevents`.`actual` AS `actual` from `lsevents`;

-- 
-- Dumping data for table players
--
INSERT INTO players VALUES
(1, 'Alice', NULL, NULL, 0),
(2, 'Alpa Cino', NULL, NULL, 0),
(3, 'Assassin', NULL, NULL, 0),
(4, 'Aztec', NULL, NULL, 0),
(5, 'Blackfox', NULL, NULL, 0),
(6, 'Blargy', NULL, NULL, 0),
(7, 'Cloud', NULL, NULL, 0),
(8, 'Clueless', NULL, NULL, 0),
(9, 'CoCo', NULL, NULL, 0),
(10, 'Cool Cat', NULL, NULL, 0),
(11, 'Damian', NULL, NULL, 0),
(12, 'Dark Angel', NULL, NULL, 0),
(13, 'Dark Nemesis', NULL, NULL, 0),
(14, 'Dirty D', NULL, NULL, 0),
(15, 'Event Horizon', NULL, NULL, 0),
(16, 'Evil Kitty', NULL, NULL, 0),
(17, 'Exit', NULL, NULL, 0),
(18, 'Figaro', NULL, NULL, 0),
(19, 'Flying Turtal', NULL, NULL, 0),
(20, 'Fungi', NULL, NULL, 0),
(21, 'Fury', NULL, NULL, 0),
(22, 'Havok (USA)', NULL, NULL, 0),
(23, 'Hawk', NULL, NULL, 0),
(24, 'Icarus', NULL, NULL, 0),
(25, 'Jabberwock', NULL, NULL, 0),
(26, 'Kane', NULL, NULL, 0),
(27, 'KommieKon', NULL, NULL, 0),
(28, 'Llama', NULL, NULL, 0),
(29, 'Logistical Nightmare', NULL, NULL, 0),
(30, 'LOLSheep', NULL, NULL, 0),
(31, 'LTE Shadow', NULL, NULL, 0),
(32, 'Preceptor', NULL, NULL, 0),
(33, 'Prolapse', NULL, NULL, 0),
(34, 'Quail Bratha', NULL, NULL, 0),
(35, 'Rave', NULL, NULL, 0),
(36, 'RedNecTec', NULL, NULL, 0),
(37, 'Scitchy', NULL, NULL, 0),
(38, 'Scuba Steve', NULL, NULL, 0),
(39, 'Selenago', NULL, NULL, 0),
(40, 'Shell', NULL, NULL, 0),
(41, 'Siren', NULL, NULL, 0),
(42, 'Skylus', NULL, NULL, 0),
(43, 'Static', NULL, NULL, 0),
(44, 'SwampFox', NULL, NULL, 0),
(45, 'Swazz', NULL, NULL, 0),
(46, 'Team Bauwsome', NULL, NULL, 0),
(47, 'The Brit', NULL, NULL, 0),
(48, 'Tjockis Tom', NULL, NULL, 0),
(49, 'V8 Flash', NULL, NULL, 0),
(50, 'Vash the Stampede', NULL, NULL, 0),
(51, 'Villainy', NULL, NULL, 0),
(52, 'Yoda4483', NULL, NULL, 0),
(53, 'Zalgax', NULL, NULL, 0),
(54, 'Zigs', NULL, NULL, 0),
(55, 'Zombie Apocalypse', NULL, NULL, 0),
(56, 'Dominator', NULL, NULL, 0),
(57, 'Gohan', NULL, NULL, 0),
(58, 'Swamp Fox', NULL, NULL, 0),
(59, 'Vash', NULL, NULL, 0),
(60, 'DK', NULL, NULL, 0),
(61, 'Flippynote', NULL, NULL, 0),
(62, 'Montoya', NULL, NULL, 0),
(63, 'Slaugter', NULL, NULL, 0),
(64, 'Swazzer', NULL, NULL, 0),
(65, 'The Punisher', NULL, NULL, 0),
(66, 'Kaiser', NULL, NULL, 0),
(67, 'Merlin', NULL, NULL, 0),
(68, 'Sapphire', NULL, NULL, 0),
(69, 'Tonks', NULL, NULL, 0),
(70, 'Xbemos', NULL, NULL, 0),
(71, 'XXX', NULL, NULL, 0),
(72, 'Ziggy', NULL, NULL, 0),
(73, 'Auto', NULL, NULL, 0),
(74, 'Cheetah', NULL, NULL, 0),
(75, 'Gumby Jones', NULL, NULL, 0),
(76, 'Lil One', NULL, NULL, 0),
(77, 'Phase', NULL, NULL, 0),
(78, 'Cat Scratch', NULL, NULL, 0),
(79, 'Psyik', NULL, NULL, 0),
(80, 'BlueFlame', NULL, NULL, 0),
(81, 'General', NULL, NULL, 0),
(82, 'Mush', NULL, NULL, 0),
(83, 'The Kid', NULL, NULL, 0),
(84, 'Tavas', NULL, NULL, 0);

-- 
-- Dumping data for table score_methods
--
INSERT INTO score_methods VALUES
(1, 'Armageddon US Event Scoring V2', 'lsdrepo.scoreresults.a20xx', 'a20xx_v2'),
(2, 'Default', '', '');

-- 
-- Dumping data for table systems
--
INSERT INTO systems VALUES
(1, 'QZar'),
(2, 'LaserForce'),
(3, 'UltraZone'),
(4, 'Outdoor'),
(5, 'DarkLight'),
(6, 'LaserTron'),
(7, 'LaserBlast'),
(8, 'Photon');

-- 
-- Dumping data for table target_types
--
INSERT INTO target_types VALUES
(1, 'LR', 'Laser', 'Laser Target', 0, NULL),
(2, 'SH', 'Shoulder', 'Shoulder Target', 0, NULL),
(3, 'SR', 'Right Shoulder', 'Right Shoulder Target', 0, NULL),
(4, 'SL', 'Left Shoulder', 'Left Shoulder Target', 0, NULL),
(5, 'FR', 'Front', 'Front Target', 0, NULL),
(6, 'BK', 'Back', 'Back Target', 0, NULL),
(7, 'HL', 'Helmut', 'Helmut Target', 0, NULL);

-- 
-- Dumping data for table lsevents
--
INSERT INTO lsevents VALUES
(0, 'default', NULL, NULL, NULL, NULL),
(1, 'Event Test', '2013-06-15 11:07:02', NULL, NULL, NULL),
(6, 'A2012US', '2012-07-04 08:00:00', NULL, NULL, NULL),
(7, 'A2013US', '2013-06-21 00:00:00', NULL, NULL, NULL),
(8, 'Armageddon 2099', '2013-06-21 00:00:00', NULL, NULL, 1);

-- 
-- Dumping data for table match_player_hits
--

-- Table lsdrep.match_player_hits does not contain any data (it is empty)

-- 
-- Dumping data for table system_metadatadefs
--

-- Table lsdrep.system_metadatadefs does not contain any data (it is empty)

-- 
-- Dumping data for table system_target_types
--

-- Table lsdrep.system_target_types does not contain any data (it is empty)

-- 
-- Dumping data for table lsevent_players
--
INSERT INTO lsevent_players VALUES
(64, 6, 5, 'Blackfox', 1, 0, 0, 0),
(65, 6, 6, 'Blargy', 1, 0, 0, 0),
(66, 6, 14, 'Dirty D', 1, 0, 0, 0),
(67, 6, 15, 'Event Horizon', 1, 0, 0, 0),
(68, 6, 16, 'Evil Kitty', 1, 0, 0, 0),
(69, 6, 21, 'Fury', 1, 0, 0, 0),
(70, 6, 34, 'Quail Bratha', 1, 0, 0, 0),
(71, 6, 38, 'Scuba Steve', 1, 0, 0, 0),
(72, 6, 42, 'Skylus', 1, 0, 0, 0),
(73, 6, 54, 'Zigs', 1, 0, 0, 0),
(74, 6, 2, 'Alpa Cino', 2, 0, 0, 0),
(75, 6, 7, 'Cloud', 2, 0, 0, 0),
(76, 6, 8, 'Clueless', 2, 0, 0, 0),
(77, 6, 19, 'Flying Turtal', 2, 0, 0, 0),
(78, 6, 28, 'Llama', 2, 0, 0, 0),
(79, 6, 29, 'Logistical Nightmare', 2, 0, 0, 0),
(80, 6, 30, 'LOLSheep', 2, 0, 0, 0),
(81, 6, 41, 'Siren', 2, 0, 0, 0),
(82, 6, 50, 'Vash the Stampede', 2, 0, 0, 0),
(83, 6, 23, 'Hawk', 3, 0, 0, 0),
(84, 6, 24, 'Icarus', 3, 0, 0, 0),
(85, 6, 27, 'KommieKon', 3, 0, 0, 0),
(86, 6, 33, 'Prolapse', 3, 0, 0, 0),
(87, 6, 39, 'Selenago', 3, 0, 0, 0),
(88, 6, 44, 'SwampFox', 3, 0, 0, 0),
(89, 6, 48, 'Tjockis Tom', 3, 0, 0, 0),
(90, 6, 49, 'V8 Flash', 3, 0, 0, 0),
(91, 6, 53, 'Zalgax', 3, 0, 0, 0),
(92, 6, 3, 'Assassin', 4, 0, 0, 0),
(93, 6, 10, 'Cool Cat', 4, 0, 0, 0),
(94, 6, 11, 'Damian', 4, 0, 0, 0),
(95, 6, 12, 'Dark Angel', 4, 0, 0, 0),
(96, 6, 25, 'Jabberwock', 4, 0, 0, 0),
(97, 6, 35, 'Rave', 4, 0, 0, 0),
(98, 6, 43, 'Static', 4, 0, 0, 0),
(99, 6, 47, 'The Brit', 4, 0, 0, 0),
(100, 6, 51, 'Villainy', 4, 0, 0, 0),
(101, 6, 9, 'CoCo', 5, 0, 0, 0),
(102, 6, 13, 'Dark Nemesis', 5, 0, 0, 0),
(103, 6, 17, 'Exit', 5, 0, 0, 0),
(104, 6, 22, 'Havok (USA)', 5, 0, 0, 0),
(105, 6, 31, 'LTE Shadow', 5, 0, 0, 0),
(106, 6, 37, 'Scitchy', 5, 0, 0, 0),
(107, 6, 45, 'Swazz', 5, 0, 0, 0),
(108, 6, 46, 'Team Bauwsome', 5, 0, 0, 0),
(109, 6, 52, 'Yoda4483', 5, 0, 0, 0),
(110, 6, 1, 'Alice', 6, 0, 0, 0),
(111, 6, 4, 'Aztec', 6, 0, 0, 0),
(112, 6, 18, 'Figaro', 6, 0, 0, 0),
(113, 6, 20, 'Fungi', 6, 0, 0, 0),
(114, 6, 26, 'Kane', 6, 0, 0, 0),
(115, 6, 32, 'Preceptor', 6, 0, 0, 0),
(116, 6, 36, 'RedNecTec', 6, 0, 0, 0),
(117, 6, 40, 'Shell', 6, 0, 0, 0),
(118, 6, 55, 'Zombie Apocalypse', 6, 0, 0, 0),
(119, 8, 7, 'Cloud', 16, 0, 0, 0),
(120, 8, 8, 'Clueless', 16, 0, 0, 0),
(121, 8, 56, 'Dominator', 16, 0, 0, 0),
(122, 8, 57, 'Gohan', 16, 0, 0, 0),
(123, 8, 28, 'Llama', 16, 0, 0, 0),
(124, 8, 35, 'Rave', 16, 0, 0, 0),
(125, 8, 58, 'Swamp Fox', 16, 0, 0, 0),
(126, 8, 59, 'Vash', 16, 0, 0, 0),
(127, 8, 9, 'CoCo', 17, 0, 0, 0),
(128, 8, 60, 'DK', 17, 0, 0, 0),
(129, 8, 17, 'Exit', 17, 0, 0, 0),
(130, 8, 61, 'Flippynote', 17, 0, 0, 0),
(131, 8, 62, 'Montoya', 17, 0, 0, 0),
(132, 8, 63, 'Slaugter', 17, 0, 0, 0),
(133, 8, 64, 'Swazzer', 17, 0, 0, 0),
(134, 8, 65, 'The Punisher', 17, 0, 0, 0),
(135, 8, 13, 'Dark Nemesis', 18, 0, 0, 0),
(136, 8, 66, 'Kaiser', 18, 0, 0, 0),
(137, 8, 67, 'Merlin', 18, 0, 0, 0),
(138, 8, 68, 'Sapphire', 18, 0, 0, 0),
(139, 8, 69, 'Tonks', 18, 0, 0, 0),
(140, 8, 70, 'Xbemos', 18, 0, 0, 0),
(141, 8, 71, 'XXX', 18, 0, 0, 0),
(142, 8, 72, 'Ziggy', 18, 0, 0, 0),
(143, 8, 73, 'Auto', 19, 0, 0, 0),
(144, 8, 74, 'Cheetah', 19, 0, 0, 0),
(145, 8, 10, 'Cool Cat', 19, 0, 0, 0),
(146, 8, 75, 'Gumby Jones', 19, 0, 0, 0),
(147, 8, 24, 'Icarus', 19, 0, 0, 0),
(148, 8, 76, 'Lil One', 19, 0, 0, 0),
(149, 8, 77, 'Phase', 19, 0, 0, 0),
(150, 8, 53, 'Zalgax', 19, 0, 0, 0),
(151, 8, 3, 'Assassin', 20, 0, 0, 0),
(152, 8, 4, 'Aztec', 20, 0, 0, 0),
(153, 8, 78, 'Cat Scratch', 20, 0, 0, 0),
(154, 8, 18, 'Figaro', 20, 0, 0, 0),
(155, 8, 20, 'Fungi', 20, 0, 0, 0),
(156, 8, 26, 'Kane', 20, 0, 0, 0),
(157, 8, 79, 'Psyik', 20, 0, 0, 0),
(158, 8, 36, 'RedNecTec', 20, 0, 0, 0),
(159, 8, 80, 'BlueFlame', 21, 0, 0, 0),
(160, 8, 12, 'Dark Angel', 21, 0, 0, 0),
(161, 8, 81, 'General', 21, 0, 0, 0),
(162, 8, 25, 'Jabberwock', 21, 0, 0, 0),
(163, 8, 82, 'Mush', 21, 0, 0, 0),
(164, 8, 32, 'Preceptor', 21, 0, 0, 0),
(165, 8, 47, 'The Brit', 21, 0, 0, 0),
(166, 8, 83, 'The Kid', 21, 0, 0, 0),
(167, 8, 84, 'Tavas', 21, 0, 0, 0);

-- 
-- Dumping data for table match_player_hit_details
--

-- Table lsdrep.match_player_hit_details does not contain any data (it is empty)

-- 
-- Dumping data for table series
--
INSERT INTO series VALUES
(1, 6, 'QZar'),
(2, 6, 'LaserForce'),
(3, 6, 'UltraZone'),
(4, 6, 'Outdoor'),
(5, 6, 'Darklight'),
(7, 6, 'LaserTron'),
(8, 6, 'LaserBlast'),
(9, 8, 'UltraZone'),
(10, 8, 'Battlefield Sports'),
(11, 8, 'Darklight'),
(12, 8, 'LaserQuest'),
(13, 8, 'LaserBlast'),
(14, 8, 'LaserTron'),
(15, 8, 'LaserStorm'),
(16, 8, 'Qzar');

-- 
-- Dumping data for table teams
--
INSERT INTO teams VALUES
(1, 6, 'Event Horizon'),
(2, 6, 'Logistical Nightmare'),
(3, 6, 'Prolapse'),
(4, 6, 'Villainy'),
(5, 6, 'Team Bauwsome'),
(6, 6, 'Zombie Apocalypse'),
(7, 7, 'Team Placeholder'),
(8, 7, 'ME'),
(9, 7, 'Zombie Apocalypse'),
(10, 7, 'Open Slots'),
(11, 7, 'Midas Whale'),
(12, 7, 'All the things'),
(13, 7, 'Devils'),
(15, 7, 'TEST TEAM NAME2'),
(16, 8, 'Justice'),
(17, 8, 'Lost Vikings'),
(18, 8, 'Facepalm'),
(19, 8, 'In Lil One''s Closet'),
(20, 8, 'Zombie Apocalypse'),
(21, 8, 'Violent Climax');

-- 
-- Dumping data for table matches
--
INSERT INTO matches VALUES
(1, 6, 'QZ01', '2012-07-01 08:20:00', NULL, 1, 1),
(2, 6, 'QZ02', '2012-07-01 08:40:00', NULL, 1, 1),
(3, 6, 'QZ03', '2012-07-01 09:00:00', NULL, 1, 1),
(4, 6, 'QZ04', '2012-07-01 09:20:00', NULL, 1, 1),
(5, 6, 'QZ05', '2012-07-01 09:40:00', NULL, 1, 1),
(6, 6, 'QZ06', '2012-07-01 10:00:00', NULL, 1, 1),
(7, 6, 'QZ07', '2012-07-01 10:20:00', NULL, 1, 1),
(8, 6, 'QZ08', '2012-07-01 10:40:00', NULL, 1, 1),
(9, 6, 'QZ09', '2012-07-01 11:00:00', NULL, 1, 1),
(10, 6, 'QZ10', '2012-07-01 11:20:00', NULL, 1, 1),
(11, 6, 'QZ11', '2012-07-01 11:40:00', NULL, 1, 1),
(12, 6, 'QZ12', '2012-07-01 12:00:00', NULL, 1, 1),
(13, 6, 'QZ13', '2012-07-01 12:20:00', NULL, 1, 1),
(14, 6, 'QZ14', '2012-07-01 12:40:00', NULL, 1, 1),
(15, 6, 'QZ15', '2012-07-01 13:00:00', NULL, 1, 1),
(16, 6, 'LF01', '2012-07-01 18:20:00', NULL, 2, 2),
(17, 6, 'LF02', '2012-07-01 18:33:00', NULL, 2, 2),
(18, 6, 'LF03', '2012-07-01 18:46:00', NULL, 2, 2),
(19, 6, 'LF04', '2012-07-01 18:59:00', NULL, 2, 2),
(20, 6, 'LF05', '2012-07-01 19:12:00', NULL, 2, 2),
(21, 6, 'LF06', '2012-07-01 19:25:00', NULL, 2, 2),
(22, 6, 'LF07', '2012-07-01 19:38:00', NULL, 2, 2),
(23, 6, 'LF08', '2012-07-01 19:51:00', NULL, 2, 2),
(24, 6, 'LF09', '2012-07-01 20:04:00', NULL, 2, 2),
(25, 6, 'LF10', '2012-07-01 20:17:00', NULL, 2, 2),
(26, 6, 'LF11', '2012-07-01 20:30:00', NULL, 2, 2),
(27, 6, 'LF12', '2012-07-01 20:43:00', NULL, 2, 2),
(28, 6, 'LF13', '2012-07-01 20:56:00', NULL, 2, 2),
(29, 6, 'LF14', '2012-07-01 21:09:00', NULL, 2, 2),
(30, 6, 'LF15', '2012-07-01 21:22:00', NULL, 2, 2),
(31, 6, 'UZ01', '2012-07-02 09:20:00', NULL, 3, 3),
(32, 6, 'UZ02', '2012-07-02 09:38:00', NULL, 3, 3),
(33, 6, 'UZ03', '2012-07-02 09:56:00', NULL, 3, 3),
(34, 6, 'UZ04', '2012-07-02 10:14:00', NULL, 3, 3),
(35, 6, 'UZ05', '2012-07-02 10:32:00', NULL, 3, 3),
(36, 6, 'UZ06', '2012-07-02 10:50:00', NULL, 3, 3),
(37, 6, 'UZ07', '2012-07-02 11:08:00', NULL, 3, 3),
(38, 6, 'UZ08', '2012-07-02 11:26:00', NULL, 3, 3),
(39, 6, 'UZ09', '2012-07-02 11:44:00', NULL, 3, 3),
(40, 6, 'UZ10', '2012-07-02 12:02:00', NULL, 3, 3),
(46, 6, 'OU01', '2012-07-02 15:50:00', NULL, 4, 4),
(47, 6, 'OU02', '2012-07-02 16:00:00', NULL, 4, 4),
(48, 6, 'OU03', '2012-07-02 16:20:00', NULL, 4, 4),
(49, 6, 'OU04', '2012-07-02 16:40:00', NULL, 4, 4),
(50, 6, 'OU05', '2012-07-02 17:00:00', NULL, 4, 4),
(51, 6, 'OU06', '2012-07-02 17:20:00', NULL, 4, 4),
(52, 6, 'OU07', '2012-07-02 17:40:00', NULL, 4, 4),
(53, 6, 'OU08', '2012-07-02 18:00:00', NULL, 4, 4),
(54, 6, 'OU09', '2012-07-02 18:20:00', NULL, 4, 4),
(55, 6, 'OU10', '2012-07-02 18:40:00', NULL, 4, 4),
(56, 6, 'OU11', '2012-07-02 19:00:00', NULL, 4, 4),
(57, 6, 'OU12', '2012-07-02 19:20:00', NULL, 4, 4),
(58, 6, 'OU13', '2012-07-02 19:40:00', NULL, 4, 4),
(59, 6, 'OU14', '2012-07-02 20:00:00', NULL, 4, 4),
(60, 6, 'OU15', '2012-07-02 20:20:00', NULL, 4, 4),
(61, 6, 'DL01', '2012-07-03 08:20:00', NULL, 5, 5),
(62, 6, 'DL02', '2012-07-03 08:33:00', NULL, 5, 5),
(63, 6, 'DL03', '2012-07-03 08:46:00', NULL, 5, 5),
(64, 6, 'DL04', '2012-07-03 08:59:00', NULL, 5, 5),
(65, 6, 'DL05', '2012-07-03 09:12:00', NULL, 5, 5),
(66, 6, 'DL06', '2012-07-03 09:25:00', NULL, 5, 5),
(67, 6, 'DL07', '2012-07-03 09:38:00', NULL, 5, 5),
(68, 6, 'DL08', '2012-07-03 09:51:00', NULL, 5, 5),
(69, 6, 'DL09', '2012-07-03 10:04:00', NULL, 5, 5),
(70, 6, 'DL10', '2012-07-03 10:17:00', NULL, 5, 5),
(71, 6, 'DL11', '2012-07-03 10:30:00', NULL, 5, 5),
(72, 6, 'DL12', '2012-07-03 10:43:00', NULL, 5, 5),
(73, 6, 'DL13', '2012-07-03 10:56:00', NULL, 5, 5),
(74, 6, 'DL14', '2012-07-03 11:09:00', NULL, 5, 5),
(75, 6, 'DL15', '2012-07-03 11:22:00', NULL, 5, 5),
(76, 6, 'LT01', '2012-07-03 13:20:00', NULL, 6, 7),
(77, 6, 'LT02', '2012-07-03 13:33:00', NULL, 6, 7),
(78, 6, 'LT03', '2012-07-03 13:46:00', NULL, 6, 7),
(79, 6, 'LT04', '2012-07-03 13:59:00', NULL, 6, 7),
(80, 6, 'LT05', '2012-07-03 14:12:00', NULL, 6, 7),
(81, 6, 'LT06', '2012-07-03 14:25:00', NULL, 6, 7),
(82, 6, 'LT07', '2012-07-03 14:38:00', NULL, 6, 7),
(83, 6, 'LT08', '2012-07-03 14:51:00', NULL, 6, 7),
(84, 6, 'LT09', '2012-07-03 15:04:00', NULL, 6, 7),
(85, 6, 'LT10', '2012-07-03 15:17:00', NULL, 6, 7),
(86, 6, 'LT11', '2012-07-03 15:30:00', NULL, 6, 7),
(87, 6, 'LT12', '2012-07-03 15:43:00', NULL, 6, 7),
(88, 6, 'LT13', '2012-07-03 15:56:00', NULL, 6, 7),
(89, 6, 'LT14', '2012-07-03 16:09:00', NULL, 6, 7),
(90, 6, 'LT15', '2012-07-03 16:22:00', NULL, 6, 7),
(91, 6, 'LB01', '2012-07-04 08:20:00', NULL, 7, 8),
(92, 6, 'LB02', '2012-07-04 08:33:00', NULL, 7, 8),
(93, 6, 'LB03', '2012-07-04 08:46:00', NULL, 7, 8),
(94, 6, 'LB04', '2012-07-04 08:59:00', NULL, 7, 8),
(95, 6, 'LB05', '2012-07-04 09:12:00', NULL, 7, 8),
(96, 6, 'LB06', '2012-07-04 09:25:00', NULL, 7, 8),
(97, 6, 'LB07', '2012-07-04 09:38:00', NULL, 7, 8),
(98, 6, 'LB08', '2012-07-04 09:51:00', NULL, 7, 8),
(99, 6, 'LB09', '2012-07-04 10:04:00', NULL, 7, 8),
(100, 6, 'LB10', '2012-07-04 10:17:00', NULL, 7, 8),
(101, 6, 'LB11', '2012-07-04 10:30:00', NULL, 7, 8),
(102, 6, 'LB12', '2012-07-04 10:43:00', NULL, 7, 8),
(103, 6, 'LB13', '2012-07-04 10:56:00', NULL, 7, 8),
(104, 6, 'LB14', '2012-07-04 11:09:00', NULL, 7, 8),
(105, 6, 'LB15', '2012-07-04 11:22:00', NULL, 7, 8),
(106, 8, 'UZ01', '2009-07-03 09:00:00', NULL, NULL, 9),
(107, 8, 'UZ02', '2009-07-03 09:15:00', NULL, NULL, 9),
(108, 8, 'UZ03', '2009-07-03 09:30:00', NULL, NULL, 9),
(109, 8, 'UZ04', '2009-07-03 09:45:00', NULL, NULL, 9),
(110, 8, 'UZ05', '2009-07-03 10:00:00', NULL, NULL, 9),
(111, 8, 'UZ06', '2009-07-03 10:15:00', NULL, NULL, 9),
(112, 8, 'UZ07', '2009-07-03 10:30:00', NULL, NULL, 9),
(113, 8, 'UZ08', '2009-07-03 10:45:00', NULL, NULL, 9),
(114, 8, 'UZ09', '2009-07-03 11:00:00', NULL, NULL, 9),
(115, 8, 'UZ10', '2009-07-03 11:15:00', NULL, NULL, 9),
(116, 8, 'UZ11', '2009-07-03 11:30:00', NULL, NULL, 9),
(117, 8, 'UZ12', '2009-07-03 11:45:00', NULL, NULL, 9),
(118, 8, 'UZ13', '2009-07-03 12:00:00', NULL, NULL, 9),
(119, 8, 'UZ14', '2009-07-03 12:15:00', NULL, NULL, 9),
(120, 8, 'UZ15', '2009-07-03 12:30:00', NULL, NULL, 9),
(121, 8, 'BS16', '2009-07-03 16:00:00', NULL, NULL, 10),
(122, 8, 'BS01', '2009-07-03 16:15:00', NULL, NULL, 10),
(123, 8, 'BS02', '2009-07-03 16:30:00', NULL, NULL, 10),
(124, 8, 'BS03', '2009-07-03 16:45:00', NULL, NULL, 10),
(125, 8, 'BS04', '2009-07-03 17:00:00', NULL, NULL, 10),
(126, 8, 'BS05', '2009-07-03 17:15:00', NULL, NULL, 10),
(127, 8, 'BS06', '2009-07-03 17:30:00', NULL, NULL, 10),
(128, 8, 'BS07', '2009-07-03 17:45:00', NULL, NULL, 10),
(129, 8, 'BS08', '2009-07-03 18:00:00', NULL, NULL, 10),
(130, 8, 'BS09', '2009-07-03 18:15:00', NULL, NULL, 10),
(131, 8, 'BS10', '2009-07-03 18:30:00', NULL, NULL, 10),
(132, 8, 'BS11', '2009-07-03 18:45:00', NULL, NULL, 10),
(133, 8, 'BS12', '2009-07-03 19:00:00', NULL, NULL, 10),
(134, 8, 'BS13', '2009-07-03 19:15:00', NULL, NULL, 10),
(135, 8, 'BS14', '2009-07-03 19:30:00', NULL, NULL, 10),
(136, 8, 'D15', '2009-07-04 07:15:00', NULL, NULL, 11),
(137, 8, 'D01', '2009-07-04 07:30:00', NULL, NULL, 11),
(138, 8, 'D02', '2009-07-04 07:45:00', NULL, NULL, 11),
(139, 8, 'D03', '2009-07-04 08:00:00', NULL, NULL, 11),
(140, 8, 'D04', '2009-07-04 08:15:00', NULL, NULL, 11),
(141, 8, 'D05', '2009-07-04 08:30:00', NULL, NULL, 11),
(142, 8, 'D06', '2009-07-04 08:45:00', NULL, NULL, 11),
(143, 8, 'D07', '2009-07-04 09:00:00', NULL, NULL, 11),
(144, 8, 'D08', '2009-07-04 09:15:00', NULL, NULL, 11),
(145, 8, 'D09', '2009-07-04 09:30:00', NULL, NULL, 11),
(146, 8, 'D10', '2009-07-04 09:45:00', NULL, NULL, 11),
(147, 8, 'D11', '2009-07-04 10:00:00', NULL, NULL, 11),
(148, 8, 'D12', '2009-07-04 10:15:00', NULL, NULL, 11),
(149, 8, 'D13', '2009-07-04 10:30:00', NULL, NULL, 11),
(150, 8, 'D14', '2009-07-04 10:45:00', NULL, NULL, 11),
(151, 8, 'LQ15', '2009-07-04 18:00:00', NULL, NULL, 12),
(152, 8, 'LQ01', '2009-07-04 18:01:01', NULL, NULL, 12),
(153, 8, 'LQ02', '2009-07-04 18:15:00', NULL, NULL, 12),
(154, 8, 'LQ03', '2009-07-04 18:16:01', NULL, NULL, 12),
(155, 8, 'LQ04', '2009-07-04 18:30:00', NULL, NULL, 12),
(156, 8, 'LQ05', '2009-07-04 18:31:01', NULL, NULL, 12),
(157, 8, 'LQ06', '2009-07-04 18:45:00', NULL, NULL, 12),
(158, 8, 'LQ07', '2009-07-04 18:46:01', NULL, NULL, 12),
(159, 8, 'LQ08', '2009-07-04 19:00:00', NULL, NULL, 12),
(160, 8, 'LQ09', '2009-07-04 19:01:01', NULL, NULL, 12),
(161, 8, 'LQ10', '2009-07-04 19:15:00', NULL, NULL, 12),
(162, 8, 'LQ11', '2009-07-04 19:16:01', NULL, NULL, 12),
(163, 8, 'LQ12', '2009-07-04 19:30:00', NULL, NULL, 12),
(164, 8, 'LQ13', '2009-07-04 19:31:01', NULL, NULL, 12),
(165, 8, 'LQ14', '2009-07-04 19:45:00', NULL, NULL, 12),
(166, 8, 'LB15', '2009-07-05 09:00:00', NULL, NULL, 13),
(167, 8, 'LB01', '2009-07-05 09:15:00', NULL, NULL, 13),
(168, 8, 'LB02', '2009-07-05 09:30:00', NULL, NULL, 13),
(169, 8, 'LB03', '2009-07-05 10:00:00', NULL, NULL, 13),
(170, 8, 'LB04', '2009-07-05 10:15:00', NULL, NULL, 13),
(171, 8, 'LB05', '2009-07-05 10:30:00', NULL, NULL, 13),
(172, 8, 'LB06', '2009-07-05 10:45:00', NULL, NULL, 13),
(173, 8, 'LB07', '2009-07-05 11:00:00', NULL, NULL, 13),
(174, 8, 'LB08', '2009-07-05 11:15:00', NULL, NULL, 13),
(175, 8, 'LB09', '2009-07-05 11:30:00', NULL, NULL, 13),
(176, 8, 'LB10', '2009-07-05 11:45:00', NULL, NULL, 13),
(177, 8, 'LB11', '2009-07-05 12:00:00', NULL, NULL, 13),
(178, 8, 'LB12', '2009-07-05 00:15:00', NULL, NULL, 13),
(179, 8, 'LB13', '2009-07-05 00:30:00', NULL, NULL, 13),
(180, 8, 'LT14', '2009-07-05 15:51:00', NULL, NULL, 14),
(181, 8, 'LT01', '2009-07-05 16:12:00', NULL, NULL, 14),
(182, 8, 'LT02', '2009-07-05 16:39:00', NULL, NULL, 14),
(183, 8, 'LT03', '2009-07-05 16:54:00', NULL, NULL, 14),
(184, 8, 'LT04', '2009-07-05 17:09:00', NULL, NULL, 14),
(185, 8, 'LT05', '2009-07-05 17:28:00', NULL, NULL, 14),
(186, 8, 'LT06', '2009-07-05 17:45:00', NULL, NULL, 14),
(187, 8, 'LT07', '2009-07-05 18:02:00', NULL, NULL, 14),
(188, 8, 'LT08', '2009-07-05 18:22:00', NULL, NULL, 14),
(189, 8, 'LT09', '2009-07-05 18:36:00', NULL, NULL, 14),
(190, 8, 'LT10', '2009-07-05 18:52:00', NULL, NULL, 14),
(191, 8, 'LT11', '2009-07-05 19:09:00', NULL, NULL, 14),
(192, 8, 'LT12', '2009-07-05 19:30:00', NULL, NULL, 14),
(193, 8, 'LT13', '2009-07-05 19:46:00', NULL, NULL, 14),
(194, 8, 'LT14', '2009-07-05 20:05:00', NULL, NULL, 14),
(195, 8, 'LS15', '2009-07-06 14:00:00', NULL, NULL, 15),
(196, 8, 'LS01', '2009-07-06 14:15:00', NULL, NULL, 15),
(197, 8, 'LS02', '2009-07-06 14:30:00', NULL, NULL, 15),
(198, 8, 'LS03', '2009-07-06 14:45:00', NULL, NULL, 15),
(199, 8, 'LS04', '2009-07-06 15:00:00', NULL, NULL, 15),
(200, 8, 'LS05', '2009-07-06 15:15:00', NULL, NULL, 15),
(201, 8, 'LS06', '2009-07-06 15:30:00', NULL, NULL, 15),
(202, 8, 'LS07', '2009-07-06 15:45:00', NULL, NULL, 15),
(203, 8, 'LS08', '2009-07-06 16:00:00', NULL, NULL, 15),
(204, 8, 'LS09', '2009-07-06 16:15:00', NULL, NULL, 15),
(205, 8, 'LS10', '2009-07-06 16:30:00', NULL, NULL, 15),
(206, 8, 'LS11', '2009-07-06 16:45:00', NULL, NULL, 15),
(207, 8, 'LS12', '2009-07-06 17:00:00', NULL, NULL, 15),
(208, 8, 'LS13', '2009-07-06 17:15:00', NULL, NULL, 15),
(209, 8, 'LS14', '2009-07-06 17:30:00', NULL, NULL, 15),
(210, 8, 'Q15', '2009-07-06 20:38:00', NULL, NULL, 16),
(211, 8, 'Q01', '2009-07-06 20:52:00', NULL, NULL, 16),
(212, 8, 'Q02', '2009-07-06 21:04:00', NULL, NULL, 16),
(213, 8, 'Q03', '2009-07-06 21:15:00', NULL, NULL, 16),
(214, 8, 'Q04', '2009-07-06 21:31:00', NULL, NULL, 16),
(215, 8, 'Q05', '2009-07-06 21:47:00', NULL, NULL, 16),
(216, 8, 'Q06', '2009-07-06 22:03:00', NULL, NULL, 16),
(217, 8, 'Q07', '2009-07-06 22:14:00', NULL, NULL, 16),
(218, 8, 'Q08', '2009-07-06 22:29:00', NULL, NULL, 16),
(219, 8, 'Q09', '2009-07-06 10:40:00', NULL, NULL, 16),
(220, 8, 'Q10', '2009-07-06 10:56:00', NULL, NULL, 16),
(221, 8, 'Q11', '2009-07-06 23:08:00', NULL, NULL, 16),
(222, 8, 'Q12', '2009-07-06 23:21:00', NULL, NULL, 16),
(223, 8, 'Q13', '2009-07-06 23:35:00', NULL, NULL, 16),
(224, 8, 'Q14', '2009-07-06 23:51:00', NULL, NULL, 16);

-- 
-- Dumping data for table packsets
--
INSERT INTO packsets VALUES
(1, 6, 1, 'Red', 'Red'),
(2, 6, 1, 'Green', 'Green'),
(3, 6, NULL, 'Red', 'Red'),
(4, 6, NULL, 'Green', 'Green'),
(5, 6, 3, 'Red', 'Red'),
(6, 6, 3, 'Yellow', 'Yellow'),
(7, 6, 3, 'Blue', 'Blue'),
(8, 8, NULL, 'Red', 'Red'),
(9, 8, NULL, 'Yellow', 'Yellow'),
(10, 8, NULL, 'Green', 'Green'),
(11, 8, NULL, 'Blue', 'Blue');

-- 
-- Dumping data for table match_teams
--
INSERT INTO match_teams VALUES
(1, 1, 1, 140.00, 0, 1),
(2, 1, 2, 232.00, 0, 2),
(3, 2, 3, -4.00, 0, 1),
(4, 2, 4, 394.00, 0, 2),
(5, 3, 2, 174.00, 0, 1),
(6, 3, 3, 168.00, 0, 2),
(7, 4, 1, 124.00, 0, 1),
(8, 4, 3, 200.00, 0, 2),
(9, 5, 2, 53.00, 0, 1),
(10, 5, 5, 293.00, 0, 2),
(11, 6, 3, 64.00, 0, 1),
(12, 6, 5, 328.00, 0, 2),
(13, 7, 1, 66.00, 0, 1),
(14, 7, 5, 369.00, 0, 2),
(15, 8, 3, 3.00, 0, 1),
(16, 8, 6, 424.00, 0, 2),
(17, 9, 5, 149.00, 0, 1),
(18, 9, 6, 169.00, 0, 2),
(19, 10, 1, 15.00, 0, 1),
(20, 10, 6, 373.00, 0, 2),
(21, 11, 5, 119.00, 0, 1),
(22, 11, 4, 297.00, 0, 2),
(23, 12, 4, 205.00, 0, 1),
(24, 12, 6, 166.00, 0, 2),
(25, 13, 1, 86.00, 0, 1),
(26, 13, 4, 333.00, 0, 2),
(27, 14, 2, -25.00, 0, 1),
(28, 14, 6, 467.00, 0, 2),
(29, 15, 2, 2.00, 0, 1),
(30, 15, 4, 428.00, 0, 2),
(31, 16, 2, NULL, 0, 3),
(32, 16, 6, NULL, 0, 4),
(33, 17, 1, NULL, 0, 3),
(34, 17, 3, NULL, 0, 4),
(35, 18, 5, NULL, 0, 3),
(36, 18, 4, NULL, 0, 4),
(37, 19, 2, NULL, 0, 3),
(38, 19, 3, NULL, 0, 4),
(39, 20, 4, NULL, 0, 3),
(40, 20, 6, NULL, 0, 4),
(41, 21, 1, NULL, 0, 3),
(42, 21, 5, NULL, 0, 4),
(43, 22, 2, NULL, 0, 3),
(44, 22, 4, NULL, 0, 4),
(45, 23, 3, NULL, 0, 3),
(46, 23, 5, NULL, 0, 4),
(47, 24, 1, NULL, 0, 3),
(48, 24, 6, NULL, 0, 4),
(49, 25, 2, NULL, 0, 3),
(50, 25, 5, NULL, 0, 4),
(51, 26, 1, NULL, 0, 3),
(52, 26, 4, NULL, 0, 4),
(53, 27, 3, NULL, 0, 3),
(54, 27, 6, NULL, 0, 4),
(55, 28, 1, NULL, 0, 3),
(56, 28, 2, NULL, 0, 4),
(57, 29, 5, NULL, 0, 3),
(58, 29, 6, NULL, 0, 4),
(59, 30, 3, NULL, 0, 3),
(60, 30, 4, NULL, 0, 4),
(61, 31, 2, NULL, 0, 5),
(62, 31, 5, NULL, 0, 6),
(63, 31, 6, NULL, 0, 7),
(64, 32, 1, NULL, 0, 5),
(65, 32, 2, NULL, 0, 6),
(66, 32, 4, NULL, 0, 7),
(67, 33, 1, NULL, 0, 5),
(68, 33, 3, NULL, 0, 6),
(69, 33, 5, NULL, 0, 7),
(70, 34, 5, NULL, 0, 5),
(71, 34, 4, NULL, 0, 6),
(72, 34, 6, NULL, 0, 7),
(73, 35, 2, NULL, 0, 5),
(74, 35, 3, NULL, 0, 6),
(75, 35, 4, NULL, 0, 7),
(76, 36, 1, NULL, 0, 5),
(77, 36, 3, NULL, 0, 6),
(78, 36, 6, NULL, 0, 7),
(79, 37, 1, NULL, 0, 5),
(80, 37, 2, NULL, 0, 6),
(81, 37, 5, NULL, 0, 7),
(82, 38, 3, NULL, 0, 5),
(83, 38, 5, NULL, 0, 6),
(84, 38, 4, NULL, 0, 7),
(85, 39, 2, NULL, 0, 5),
(86, 39, 3, NULL, 0, 6),
(87, 39, 6, NULL, 0, 7),
(88, 40, 1, NULL, 0, 5),
(89, 40, 4, NULL, 0, 6),
(90, 40, 6, NULL, 0, 7),
(91, 46, 3, 3153.00, 0, NULL),
(92, 46, 4, 47.00, 0, NULL),
(93, 47, 5, 2498.00, 0, NULL),
(94, 47, 6, 702.00, 0, NULL),
(95, 48, 1, 2174.00, 0, NULL),
(96, 48, 2, 1026.00, 0, NULL),
(97, 49, 3, 124.00, 0, NULL),
(98, 49, 5, 3076.00, 0, NULL),
(99, 50, 1, 275.00, 0, NULL),
(100, 50, 4, 2925.00, 0, NULL),
(101, 51, 2, 1249.00, 0, NULL),
(102, 51, 6, 2953.00, 0, NULL),
(103, 52, 1, 2043.00, 0, NULL),
(104, 52, 3, 1157.00, 0, NULL),
(105, 53, 2, 1563.00, 0, NULL),
(106, 53, 5, 1637.00, 0, NULL),
(107, 54, 4, 867.00, 0, NULL),
(108, 54, 6, 2333.00, 0, NULL),
(109, 55, 2, 1157.00, 0, NULL),
(110, 55, 3, 2043.00, 0, NULL),
(111, 56, 1, 191.00, 0, NULL),
(112, 56, 6, 3009.00, 0, NULL),
(113, 57, 5, 1527.00, 0, NULL),
(114, 57, 4, 1673.00, 0, NULL),
(115, 58, 3, 95.00, 0, NULL),
(116, 58, 6, 3105.00, 0, NULL),
(117, 59, 2, 357.00, 0, NULL),
(118, 59, 4, 2843.00, 0, NULL),
(119, 60, 1, 0.00, 0, NULL),
(120, 60, 5, 3200.00, 0, NULL),
(121, 61, 4, NULL, 0, NULL),
(122, 61, 5, NULL, 0, NULL),
(123, 62, 1, NULL, 0, NULL),
(124, 62, 3, NULL, 0, NULL),
(125, 63, 2, NULL, 0, NULL),
(126, 63, 6, NULL, 0, NULL),
(127, 64, 1, NULL, 0, NULL),
(128, 64, 4, NULL, 0, NULL),
(129, 65, 2, NULL, 0, NULL),
(130, 65, 5, NULL, 0, NULL),
(131, 66, 3, NULL, 0, NULL),
(132, 66, 6, NULL, 0, NULL),
(133, 67, 2, NULL, 0, NULL),
(134, 67, 4, NULL, 0, NULL),
(135, 68, 1, NULL, 0, NULL),
(136, 68, 6, NULL, 0, NULL),
(137, 69, 3, NULL, 0, NULL),
(138, 69, 5, NULL, 0, NULL),
(139, 70, 4, NULL, 0, NULL),
(140, 70, 6, NULL, 0, NULL),
(141, 71, 2, NULL, 0, NULL),
(142, 71, 3, NULL, 0, NULL),
(143, 72, 1, NULL, 0, NULL),
(144, 72, 5, NULL, 0, NULL),
(145, 73, 3, NULL, 0, NULL),
(146, 73, 4, NULL, 0, NULL),
(147, 74, 5, NULL, 0, NULL),
(148, 74, 6, NULL, 0, NULL),
(149, 75, 1, NULL, 0, NULL),
(150, 75, 2, NULL, 0, NULL),
(151, 76, 1, NULL, 0, NULL),
(152, 76, 5, NULL, 0, NULL),
(153, 77, 2, NULL, 0, NULL),
(154, 77, 4, NULL, 0, NULL),
(155, 78, 3, NULL, 0, NULL),
(156, 78, 6, NULL, 0, NULL),
(157, 79, 2, NULL, 0, NULL),
(158, 79, 5, NULL, 0, NULL),
(159, 80, 1, NULL, 0, NULL),
(160, 80, 6, NULL, 0, NULL),
(161, 81, 3, NULL, 0, NULL),
(162, 81, 4, NULL, 0, NULL),
(163, 82, 5, NULL, 0, NULL),
(164, 82, 6, NULL, 0, NULL),
(165, 83, 2, NULL, 0, NULL),
(166, 83, 3, NULL, 0, NULL),
(167, 84, 1, NULL, 0, NULL),
(168, 84, 4, NULL, 0, NULL),
(169, 85, 3, NULL, 0, NULL),
(170, 85, 5, NULL, 0, NULL),
(171, 86, 4, NULL, 0, NULL),
(172, 86, 6, NULL, 0, NULL),
(173, 87, 1, NULL, 0, NULL),
(174, 87, 2, NULL, 0, NULL),
(175, 88, 5, NULL, 0, NULL),
(176, 88, 4, NULL, 0, NULL),
(177, 89, 1, NULL, 0, NULL),
(178, 89, 3, NULL, 0, NULL),
(179, 90, 2, NULL, 0, NULL),
(180, 90, 6, NULL, 0, NULL),
(181, 91, 1, NULL, 0, NULL),
(182, 91, 2, NULL, 0, NULL),
(183, 92, 5, NULL, 0, NULL),
(184, 92, 6, NULL, 0, NULL),
(185, 93, 3, NULL, 0, NULL),
(186, 93, 4, NULL, 0, NULL),
(187, 94, 1, NULL, 0, NULL),
(188, 94, 6, NULL, 0, NULL),
(189, 95, 2, NULL, 0, NULL),
(190, 95, 3, NULL, 0, NULL),
(191, 96, 5, NULL, 0, NULL),
(192, 96, 4, NULL, 0, NULL),
(193, 97, 1, NULL, 0, NULL),
(194, 97, 3, NULL, 0, NULL),
(195, 98, 4, NULL, 0, NULL),
(196, 98, 6, NULL, 0, NULL),
(197, 99, 2, NULL, 0, NULL),
(198, 99, 5, NULL, 0, NULL),
(199, 100, 1, NULL, 0, NULL),
(200, 100, 4, NULL, 0, NULL),
(201, 101, 3, NULL, 0, NULL),
(202, 101, 5, NULL, 0, NULL),
(203, 102, 2, NULL, 0, NULL),
(204, 102, 6, NULL, 0, NULL),
(205, 103, 1, NULL, 0, NULL),
(206, 103, 5, NULL, 0, NULL),
(207, 104, 2, NULL, 0, NULL),
(208, 104, 4, NULL, 0, NULL),
(209, 105, 3, NULL, 0, NULL),
(210, 105, 6, NULL, 0, NULL),
(211, 106, 16, NULL, 0, 8),
(212, 106, 17, NULL, 0, 9),
(213, 107, 18, NULL, 0, 8),
(214, 107, 19, NULL, 0, 9),
(215, 108, 20, NULL, 0, 8),
(216, 108, 21, NULL, 0, 9),
(217, 109, 19, NULL, 0, 8),
(218, 109, 16, NULL, 0, 9),
(219, 110, 17, NULL, 0, 8),
(220, 110, 21, NULL, 0, 9),
(221, 111, 18, NULL, 0, 8),
(222, 111, 20, NULL, 0, 9),
(223, 112, 16, NULL, 0, 8),
(224, 112, 21, NULL, 0, 9),
(225, 113, 19, NULL, 0, 8),
(226, 113, 20, NULL, 0, 9),
(227, 114, 17, NULL, 0, 8),
(228, 114, 18, NULL, 0, 9),
(229, 115, 20, NULL, 0, 8),
(230, 115, 16, NULL, 0, 9),
(231, 116, 21, NULL, 0, 8),
(232, 116, 18, NULL, 0, 9),
(233, 117, 19, NULL, 0, 8),
(234, 117, 17, NULL, 0, 9),
(235, 118, 16, NULL, 0, 8),
(236, 118, 18, NULL, 0, 9),
(237, 119, 20, NULL, 0, 8),
(238, 119, 17, NULL, 0, 9),
(239, 120, 21, NULL, 0, 8),
(240, 120, 19, NULL, 0, 9),
(241, 121, 18, 0.00, 0, 8),
(242, 121, 16, 1.00, 0, 10),
(243, 122, 20, 1.00, 0, 8),
(244, 122, 17, 0.00, 0, 10),
(245, 123, 21, 0.00, 0, 8),
(246, 123, 19, 1.00, 0, 10),
(247, 124, 17, 0.00, 0, 8),
(248, 124, 18, 1.00, 0, 10),
(249, 125, 16, 0.00, 0, 8),
(250, 125, 19, 1.00, 0, 10),
(251, 126, 20, 1.00, 0, 8),
(252, 126, 21, 0.00, 0, 10),
(253, 127, 18, 0.00, 0, 8),
(254, 127, 19, 1.00, 0, 10),
(255, 128, 17, 1.00, 0, 8),
(256, 128, 21, 0.00, 0, 10),
(257, 129, 16, 0.00, 0, 8),
(258, 129, 20, 1.00, 0, 10),
(259, 130, 21, 1.00, 0, 8),
(260, 130, 18, 0.00, 0, 10),
(261, 131, 19, 1.00, 0, 8),
(262, 131, 20, 0.00, 0, 10),
(263, 132, 17, 1.00, 0, 8),
(264, 132, 16, 0.00, 0, 10),
(265, 133, 18, 0.00, 0, 8),
(266, 133, 20, 1.00, 0, 10),
(267, 134, 21, 1.00, 0, 8),
(268, 134, 16, 0.00, 0, 10),
(269, 135, 19, 0.00, 0, 8),
(270, 135, 17, 1.00, 0, 10),
(271, 136, 16, 1.00, 0, 8),
(272, 136, 17, 1.00, 0, 11),
(273, 137, 18, 1.00, 0, 8),
(274, 137, 19, 1.00, 0, 11),
(275, 138, 20, 1.00, 0, 8),
(276, 138, 21, 1.00, 0, 11),
(277, 139, 19, 1.00, 0, 8),
(278, 139, 16, 1.00, 0, 11),
(279, 140, 17, 1.00, 0, 8),
(280, 140, 21, 1.00, 0, 11),
(281, 141, 18, 1.00, 0, 8),
(282, 141, 20, 1.00, 0, 11),
(283, 142, 16, 1.00, 0, 8),
(284, 142, 21, 1.00, 0, 11),
(285, 143, 19, 1.00, 0, 8),
(286, 143, 20, 1.00, 0, 11),
(287, 144, 17, 1.00, 0, 8),
(288, 144, 18, 1.00, 0, 11),
(289, 145, 20, 1.00, 0, 8),
(290, 145, 16, 1.00, 0, 11),
(291, 146, 21, 1.00, 0, 8),
(292, 146, 18, 1.00, 0, 11),
(293, 147, 19, 1.00, 0, 8),
(294, 147, 17, 1.00, 0, 11),
(295, 148, 16, 1.00, 0, 8),
(296, 148, 18, 1.00, 0, 11),
(297, 149, 20, 1.00, 0, 8),
(298, 149, 17, 1.00, 0, 11),
(299, 150, 21, 1.00, 0, 8),
(300, 150, 19, 1.00, 0, 11),
(301, 151, 16, 1.00, 0, 8),
(302, 151, 17, 1.00, 0, 10),
(303, 152, 18, 1.00, 0, 8),
(304, 152, 20, 1.00, 0, 10),
(305, 153, 21, 1.00, 0, 8),
(306, 153, 19, 1.00, 0, 10),
(307, 154, 17, 1.00, 0, 8),
(308, 154, 18, 1.00, 0, 10),
(309, 155, 16, 1.00, 0, 8),
(310, 155, 21, 1.00, 0, 10),
(311, 156, 19, 1.00, 0, 8),
(312, 156, 20, 1.00, 0, 10),
(313, 157, 17, 1.00, 0, 8),
(314, 157, 20, 1.00, 0, 10),
(315, 158, 16, 1.00, 0, 8),
(316, 158, 18, 1.00, 0, 10),
(317, 159, 19, 1.00, 0, 8),
(318, 159, 16, 1.00, 0, 10),
(319, 160, 18, 1.00, 0, 8),
(320, 160, 21, 1.00, 0, 10),
(321, 161, 21, 1.00, 0, 8),
(322, 161, 17, 1.00, 0, 10),
(323, 162, 20, 1.00, 0, 8),
(324, 162, 16, 1.00, 0, 10),
(325, 163, 18, 1.00, 0, 8),
(326, 163, 19, 1.00, 0, 10),
(327, 164, 20, 1.00, 0, 8),
(328, 164, 21, 1.00, 0, 10),
(329, 165, 19, 1.00, 0, 8),
(330, 165, 17, 1.00, 0, 10),
(331, 166, 19, 12209.00, 0, 8),
(332, 166, 21, 10142.00, 0, 11),
(333, 167, 17, 10142.00, 0, 8),
(334, 167, 20, 10142.00, 0, 11),
(335, 168, 16, 10142.00, 0, 8),
(336, 168, 18, 10142.00, 0, 11),
(337, 169, 21, 10142.00, 0, 8),
(338, 169, 18, 10142.00, 0, 11),
(339, 170, 17, 10142.00, 0, 8),
(340, 170, 16, 10142.00, 0, 11),
(341, 171, 19, 10142.00, 0, 8),
(342, 171, 18, 10142.00, 0, 11),
(343, 172, 20, 10142.00, 0, 8),
(344, 172, 16, 10142.00, 0, 11),
(345, 173, 21, 10142.00, 0, 8),
(346, 173, 17, 10142.00, 0, 11),
(347, 174, 16, 10142.00, 0, 8),
(348, 174, 19, 10142.00, 0, 11),
(349, 175, 18, 10142.00, 0, 8),
(350, 175, 17, 10142.00, 0, 11),
(351, 176, 20, 10142.00, 0, 8),
(352, 176, 21, 10142.00, 0, 11),
(353, 177, 19, 10142.00, 0, 8),
(354, 177, 17, 10142.00, 0, 11),
(355, 178, 16, 10142.00, 0, 8),
(356, 178, 21, 10142.00, 0, 11),
(357, 179, 18, 10142.00, 0, 8),
(358, 179, 20, 10142.00, 0, 11),
(359, 180, 21, 10142.00, 0, 8),
(360, 180, 20, 10142.00, 0, 10),
(361, 181, 19, 10142.00, 0, 8),
(362, 181, 18, 10142.00, 0, 10),
(363, 182, 17, 10142.00, 0, 8),
(364, 182, 16, 10142.00, 0, 10),
(365, 183, 18, 10142.00, 0, 8),
(366, 183, 21, 10142.00, 0, 10),
(367, 184, 20, 10142.00, 0, 8),
(368, 184, 16, 10142.00, 0, 10),
(369, 185, 19, 10142.00, 0, 8),
(370, 185, 17, 10142.00, 0, 10),
(371, 186, 21, 10142.00, 0, 8),
(372, 186, 16, 10142.00, 0, 10),
(373, 187, 18, 10142.00, 0, 8),
(374, 187, 17, 10142.00, 0, 10),
(375, 188, 20, 10142.00, 0, 8),
(376, 188, 19, 10142.00, 0, 10),
(377, 189, 17, 10142.00, 0, 8),
(378, 189, 21, 10142.00, 0, 10),
(379, 190, 16, 10142.00, 0, 8),
(380, 190, 19, 10142.00, 0, 10),
(381, 191, 18, 10142.00, 0, 8),
(382, 191, 20, 10142.00, 0, 10),
(383, 192, 21, 10142.00, 0, 8),
(384, 192, 19, 10142.00, 0, 10),
(385, 193, 17, 10142.00, 0, 8),
(386, 193, 20, 10142.00, 0, 10),
(387, 194, 16, 10142.00, 0, 8),
(388, 194, 18, 10142.00, 0, 10),
(389, 195, 20, 10142.00, 0, 8),
(390, 195, 18, 10142.00, 0, 10),
(391, 196, 21, 10142.00, 0, 8),
(392, 196, 16, 10142.00, 0, 10),
(393, 197, 19, 10142.00, 0, 8),
(394, 197, 17, 10142.00, 0, 10),
(395, 198, 16, 10142.00, 0, 8),
(396, 198, 20, 10142.00, 0, 10),
(397, 199, 18, 10142.00, 0, 8),
(398, 199, 17, 10142.00, 0, 10),
(399, 200, 21, 10142.00, 0, 8),
(400, 200, 19, 10142.00, 0, 10),
(401, 201, 20, 0.00, 0, 8),
(402, 201, 17, 1.00, 0, 10),
(403, 202, 16, 1.00, 0, 8),
(404, 202, 19, 1.00, 0, 10),
(405, 203, 18, 1.00, 0, 8),
(406, 203, 21, 1.00, 0, 10),
(407, 204, 19, 1.00, 0, 8),
(408, 204, 20, 1.00, 0, 10),
(409, 205, 17, 1.00, 0, 8),
(410, 205, 21, 1.00, 0, 10),
(411, 206, 16, 1.00, 0, 8),
(412, 206, 18, 1.00, 0, 10),
(413, 207, 20, 1.00, 0, 8),
(414, 207, 21, 1.00, 0, 10),
(415, 208, 19, 1.00, 0, 8),
(416, 208, 18, 1.00, 0, 10),
(417, 209, 17, 1.00, 0, 8),
(418, 209, 16, 1.00, 0, 10),
(419, 210, 18, 1.00, 0, 8),
(420, 210, 16, 1.00, 0, 10),
(421, 211, 20, 1.00, 0, 8),
(422, 211, 17, 1.00, 0, 10),
(423, 212, 21, 1.00, 0, 8),
(424, 212, 19, 1.00, 0, 10),
(425, 213, 17, 1.00, 0, 8),
(426, 213, 18, 1.00, 0, 10),
(427, 214, 16, 1.00, 0, 8),
(428, 214, 19, 1.00, 0, 10),
(429, 215, 20, 1.00, 0, 8),
(430, 215, 21, 1.00, 0, 10),
(431, 216, 18, 1.00, 0, 8),
(432, 216, 19, 1.00, 0, 10),
(433, 217, 17, 1.00, 0, 8),
(434, 217, 21, 1.00, 0, 10),
(435, 218, 16, 1.00, 0, 8),
(436, 218, 20, 1.00, 0, 10),
(437, 219, 21, 1.00, 0, 8),
(438, 219, 18, 1.00, 0, 10),
(439, 220, 19, 1.00, 0, 8),
(440, 220, 20, 1.00, 0, 10),
(441, 221, 17, 1.00, 0, 8),
(442, 221, 16, 1.00, 0, 10),
(443, 222, 18, 1.00, 0, 8),
(444, 222, 20, 1.00, 0, 10),
(445, 223, 21, 1.00, 0, 8),
(446, 223, 16, 1.00, 0, 10),
(447, 224, 19, 1.00, 0, 8),
(448, 224, 17, 1.00, 0, 10);

-- 
-- Dumping data for table packset_details
--

-- Table lsdrep.packset_details does not contain any data (it is empty)

-- 
-- Dumping data for table match_players
--
INSERT INTO match_players VALUES
(1, 1, 5, 900.00, NULL),
(2, 1, 6, -1300.00, NULL),
(3, 1, 14, 4500.00, NULL),
(4, 1, 16, -600.00, NULL),
(5, 1, 34, 3000.00, NULL),
(6, 1, 38, 1700.00, NULL),
(7, 1, 42, 1500.00, NULL),
(8, 1, 54, 4300.00, NULL),
(9, 1, 2, 1900.00, NULL),
(10, 1, 7, 4400.00, NULL),
(11, 1, 8, 4700.00, NULL),
(12, 1, 19, 1300.00, NULL),
(13, 1, 28, 4700.00, NULL),
(14, 1, 30, 2100.00, NULL),
(15, 1, 41, 2100.00, NULL),
(16, 1, 50, 2000.00, NULL),
(17, 2, 23, -600.00, NULL),
(18, 2, 24, 1100.00, NULL),
(19, 2, 27, -100.00, NULL),
(20, 2, 39, -1100.00, NULL),
(21, 2, 44, 0.00, NULL),
(22, 2, 48, -100.00, NULL),
(23, 2, 49, -1400.00, NULL),
(24, 2, 53, 1800.00, NULL),
(25, 2, 3, 4600.00, NULL),
(26, 2, 10, 3100.00, NULL),
(27, 2, 11, 3000.00, NULL),
(28, 2, 12, 3300.00, NULL),
(29, 2, 25, 3100.00, NULL),
(30, 2, 43, 2900.00, NULL),
(31, 2, 47, 17005.00, NULL),
(32, 2, 35, 2400.00, NULL),
(33, 3, 2, 3200.00, NULL),
(34, 3, 7, 2700.00, NULL),
(35, 3, 8, 4700.00, NULL),
(36, 3, 19, 700.00, NULL),
(37, 3, 28, 2600.00, NULL),
(38, 3, 30, 600.00, NULL),
(39, 3, 41, 1800.00, NULL),
(40, 3, 50, 1100.00, NULL),
(41, 3, 23, 1200.00, NULL),
(42, 3, 24, 2600.00, NULL),
(43, 3, 27, 600.00, NULL),
(44, 3, 39, 2200.00, NULL),
(45, 3, 44, 2700.00, NULL),
(46, 3, 48, 3100.00, NULL),
(47, 3, 49, 2400.00, NULL),
(48, 3, 53, 2000.00, NULL),
(49, 4, 5, 2100.00, NULL),
(50, 4, 14, 1600.00, NULL),
(51, 4, 16, -1400.00, NULL),
(52, 4, 21, 600.00, NULL),
(53, 4, 34, 3400.00, NULL),
(54, 4, 38, 2300.00, NULL),
(55, 4, 42, 900.00, NULL),
(56, 4, 54, 2900.00, NULL),
(57, 4, 23, 1100.00, NULL),
(58, 4, 24, 4400.00, NULL),
(59, 4, 27, 1200.00, NULL),
(60, 4, 39, 2800.00, NULL),
(61, 4, 44, 4500.00, NULL),
(62, 4, 48, 1900.00, NULL),
(63, 4, 49, 700.00, NULL),
(64, 4, 53, 3400.00, NULL),
(65, 5, 2, 0.00, NULL),
(66, 5, 7, 1300.00, NULL),
(67, 5, 8, 1600.00, NULL),
(68, 5, 19, 1100.00, NULL),
(69, 5, 28, 1800.00, NULL),
(70, 5, 30, -1100.00, NULL),
(71, 5, 41, -100.00, NULL),
(72, 5, 50, 800.00, NULL),
(73, 5, 9, 6500.00, NULL),
(74, 5, 13, 2700.00, NULL),
(75, 5, 17, 4400.00, NULL),
(76, 5, 22, 2500.00, NULL),
(77, 5, 31, 3700.00, NULL),
(78, 5, 37, 1500.00, NULL),
(79, 5, 45, 4200.00, NULL),
(80, 5, 52, 3800.00, NULL),
(81, 6, 23, 300.00, NULL),
(82, 6, 24, 800.00, NULL),
(83, 6, 27, 200.00, NULL),
(84, 6, 39, -300.00, NULL),
(85, 6, 44, 1700.00, NULL),
(86, 6, 48, 1500.00, NULL),
(87, 6, 49, 100.00, NULL),
(88, 6, 53, 2100.00, NULL),
(89, 6, 9, 5300.00, NULL),
(90, 6, 13, 2400.00, NULL),
(91, 6, 17, 2300.00, NULL),
(92, 6, 22, 3900.00, NULL),
(93, 6, 31, 3000.00, NULL),
(94, 6, 37, 1400.00, NULL),
(95, 6, 45, 5700.00, NULL),
(96, 6, 52, 8902.00, NULL),
(97, 7, 6, -3400.00, NULL),
(98, 7, 14, 2300.00, NULL),
(99, 7, 16, -1000.00, NULL),
(100, 7, 21, -300.00, NULL),
(101, 7, 34, 3600.00, NULL),
(102, 7, 38, 800.00, NULL),
(103, 7, 42, 1700.00, NULL),
(104, 7, 54, 2900.00, NULL),
(105, 7, 9, 8702.00, NULL),
(106, 7, 13, 3100.00, NULL),
(107, 7, 17, 3200.00, NULL),
(108, 7, 22, 4801.00, NULL),
(109, 7, 31, 3600.00, NULL),
(110, 7, 37, 1100.00, NULL),
(111, 7, 45, 6200.00, NULL),
(112, 7, 52, 6201.00, NULL),
(113, 8, 23, -200.00, NULL),
(114, 8, 24, 800.00, NULL),
(115, 8, 27, -400.00, NULL),
(116, 8, 39, -400.00, NULL),
(117, 8, 44, -1200.00, NULL),
(118, 8, 48, 2100.00, NULL),
(119, 8, 49, 600.00, NULL),
(120, 8, 53, -1000.00, NULL),
(121, 8, 1, 2900.00, NULL),
(122, 8, 4, 1900.00, NULL),
(123, 8, 18, 2000.00, NULL),
(124, 8, 20, 4400.00, NULL),
(125, 8, 26, 2300.00, NULL),
(126, 8, 32, 6000.00, NULL),
(127, 8, 36, 15304.00, NULL),
(128, 8, 40, 7601.00, NULL),
(129, 9, 9, 4300.00, NULL),
(130, 9, 13, 700.00, NULL),
(131, 9, 17, 900.00, NULL),
(132, 9, 22, 1400.00, NULL),
(133, 9, 31, 700.00, NULL),
(134, 9, 37, -200.00, NULL),
(135, 9, 45, 2100.00, NULL),
(136, 9, 52, 5000.00, NULL),
(137, 9, 1, 300.00, NULL),
(138, 9, 4, 4200.00, NULL),
(139, 9, 18, 100.00, NULL),
(140, 9, 20, 700.00, NULL),
(141, 9, 26, 300.00, NULL),
(142, 9, 32, 1600.00, NULL),
(143, 9, 36, 7800.00, NULL),
(144, 9, 40, 1900.00, NULL),
(145, 10, 5, 600.00, NULL),
(146, 10, 6, -3900.00, NULL),
(147, 10, 14, 1600.00, NULL),
(148, 10, 21, 1900.00, NULL),
(149, 10, 34, 2700.00, NULL),
(150, 10, 38, 100.00, NULL),
(151, 10, 42, -2200.00, NULL),
(152, 10, 54, 700.00, NULL),
(153, 10, 1, 4200.00, NULL),
(154, 10, 4, 5700.00, NULL),
(155, 10, 18, 1300.00, NULL),
(156, 10, 20, 2600.00, NULL),
(157, 10, 26, 2100.00, NULL),
(158, 10, 32, 2200.00, NULL),
(159, 10, 36, 12003.00, NULL),
(160, 10, 40, 7200.00, NULL),
(161, 11, 9, 2800.00, NULL),
(162, 11, 13, -300.00, NULL),
(163, 11, 17, 1900.00, NULL),
(164, 11, 22, -900.00, NULL),
(165, 11, 31, 1600.00, NULL),
(166, 11, 37, -1600.00, NULL),
(167, 11, 45, 5400.00, NULL),
(168, 11, 52, 3000.00, NULL),
(169, 11, 3, 1700.00, NULL),
(170, 11, 10, 2900.00, NULL),
(171, 11, 11, 2700.00, NULL),
(172, 11, 12, 4100.00, NULL),
(173, 11, 25, 1600.00, NULL),
(174, 11, 43, 1700.00, NULL),
(175, 11, 47, 12902.00, NULL),
(176, 11, 35, 2100.00, NULL),
(177, 12, 3, 5000.00, NULL),
(178, 12, 10, 2500.00, NULL),
(179, 12, 11, 1100.00, NULL),
(180, 12, 12, 5000.00, NULL),
(181, 12, 25, 1300.00, NULL),
(182, 12, 43, 1300.00, NULL),
(183, 12, 47, 2900.00, NULL),
(184, 12, 35, 1400.00, NULL),
(185, 12, 1, 3800.00, NULL),
(186, 12, 4, 2900.00, NULL),
(187, 12, 18, -300.00, NULL),
(188, 12, 20, 2200.00, NULL),
(189, 12, 26, 1500.00, NULL),
(190, 12, 32, -300.00, NULL),
(191, 12, 36, 4400.00, NULL),
(192, 12, 40, 2400.00, NULL),
(193, 13, 5, 500.00, NULL),
(194, 13, 14, 3600.00, NULL),
(195, 13, 16, -1500.00, NULL),
(196, 13, 21, 700.00, NULL),
(197, 13, 34, 3000.00, NULL),
(198, 13, 38, -100.00, NULL),
(199, 13, 42, 600.00, NULL),
(200, 13, 54, 1800.00, NULL),
(201, 13, 3, 3200.00, NULL),
(202, 13, 10, 5501.00, NULL),
(203, 13, 11, 3000.00, NULL),
(204, 13, 12, 3400.00, NULL),
(205, 13, 25, 3600.00, NULL),
(206, 13, 43, 2100.00, NULL),
(207, 13, 47, 10602.00, NULL),
(208, 13, 35, 1900.00, NULL),
(209, 14, 2, 100.00, NULL),
(210, 14, 7, 100.00, NULL),
(211, 14, 8, 2300.00, NULL),
(212, 14, 19, -200.00, NULL),
(213, 14, 28, -2200.00, NULL),
(214, 14, 30, -400.00, NULL),
(215, 14, 41, -700.00, NULL),
(216, 14, 50, -1500.00, NULL),
(217, 14, 1, 3200.00, NULL),
(218, 14, 4, 4300.00, NULL),
(219, 14, 18, 4701.00, NULL),
(220, 14, 20, 3100.00, NULL),
(221, 14, 26, 3200.00, NULL),
(222, 14, 32, 4900.00, NULL),
(223, 14, 36, 10302.00, NULL),
(224, 14, 40, 13005.00, NULL),
(225, 15, 2, -2100.00, NULL),
(226, 15, 7, 700.00, NULL),
(227, 15, 8, 3200.00, NULL),
(228, 15, 19, 100.00, NULL),
(229, 15, 28, 600.00, NULL),
(230, 15, 30, -600.00, NULL),
(231, 15, 41, -800.00, NULL),
(232, 15, 50, -900.00, NULL),
(233, 15, 3, 4200.00, NULL),
(234, 15, 10, 7801.00, NULL),
(235, 15, 11, 4200.00, NULL),
(236, 15, 12, 5100.00, NULL),
(237, 15, 25, 1800.00, NULL),
(238, 15, 43, 2700.00, NULL),
(239, 15, 47, 13503.00, NULL),
(240, 15, 35, 3500.00, NULL),
(241, 16, 1, 2002.00, NULL),
(242, 16, 4, 2802.00, NULL),
(243, 16, 18, 2922.00, NULL),
(244, 16, 20, 5922.00, NULL),
(245, 16, 26, 2402.00, NULL),
(246, 16, 32, 3422.00, NULL),
(247, 16, 36, 5402.00, NULL),
(248, 16, 40, 3802.00, NULL),
(249, 16, 2, 140.00, NULL),
(250, 16, 7, -360.00, NULL),
(251, 16, 8, 2402.00, NULL),
(252, 16, 19, 100.00, NULL),
(253, 16, 28, 420.00, NULL),
(254, 16, 30, -860.00, NULL),
(255, 16, 41, 40.00, NULL),
(256, 16, 50, 40.00, NULL),
(257, 17, 23, -480.00, NULL),
(258, 17, 24, 1620.00, NULL),
(259, 17, 27, 240.00, NULL),
(260, 17, 39, -200.00, NULL),
(261, 17, 44, -640.00, NULL),
(262, 17, 48, 0.00, NULL),
(263, 17, 49, -640.00, NULL),
(264, 17, 53, -160.00, NULL),
(265, 17, 5, 2242.00, NULL),
(266, 17, 14, 4102.00, NULL),
(267, 17, 16, 2842.00, NULL),
(268, 17, 21, 3582.00, NULL),
(269, 17, 34, 8622.00, NULL),
(270, 17, 38, 6462.00, NULL),
(271, 17, 42, 2222.00, NULL),
(272, 17, 54, 3002.00, NULL),
(273, 18, 3, 3841.00, NULL),
(274, 18, 10, 3142.00, NULL),
(275, 18, 11, 3681.00, NULL),
(276, 18, 12, 820.00, NULL),
(277, 18, 25, 2882.00, NULL),
(278, 18, 35, 820.00, NULL),
(279, 18, 43, -60.00, NULL),
(280, 18, 47, 5421.00, NULL),
(281, 18, 9, 6062.00, NULL),
(282, 18, 13, 3242.00, NULL),
(283, 18, 17, 3522.00, NULL),
(284, 18, 22, 2762.00, NULL),
(285, 18, 31, 4042.00, NULL),
(286, 18, 37, 3842.00, NULL),
(287, 18, 45, 11382.00, NULL),
(288, 18, 52, 4002.00, NULL),
(289, 19, 23, 1761.00, NULL),
(290, 19, 24, 4762.00, NULL),
(291, 19, 27, 1801.00, NULL),
(292, 19, 39, 3002.00, NULL),
(293, 19, 44, 1461.00, NULL),
(294, 19, 48, 2801.00, NULL),
(295, 19, 49, 1341.00, NULL),
(296, 19, 53, 5522.00, NULL),
(297, 19, 2, 4842.00, NULL),
(298, 19, 7, 4502.00, NULL),
(299, 19, 8, 4642.00, NULL),
(300, 19, 19, 2701.00, NULL),
(301, 19, 28, 2520.00, NULL),
(302, 19, 30, -560.00, NULL),
(303, 19, 41, 400.00, NULL),
(304, 19, 50, 2900.00, NULL),
(305, 20, 3, 3682.00, NULL),
(306, 20, 10, 1782.00, NULL),
(307, 20, 11, 4602.00, NULL),
(308, 20, 12, 3882.00, NULL),
(309, 20, 25, 4942.00, NULL),
(310, 20, 35, 3942.00, NULL),
(311, 20, 43, 1922.00, NULL),
(312, 20, 47, 6102.00, NULL),
(313, 20, 1, 2621.00, NULL),
(314, 20, 4, 4681.00, NULL),
(315, 20, 18, 40.00, NULL),
(316, 20, 20, 7362.00, NULL),
(317, 20, 26, 960.00, NULL),
(318, 20, 32, 5122.00, NULL),
(319, 20, 36, 1240.00, NULL),
(320, 20, 40, 3640.00, NULL),
(321, 21, 9, 4861.00, NULL),
(322, 21, 13, 2481.00, NULL),
(323, 21, 17, 2401.00, NULL),
(324, 21, 22, 960.00, NULL),
(325, 21, 31, 2962.00, NULL),
(326, 21, 37, 2362.00, NULL),
(327, 21, 45, 5882.00, NULL),
(328, 21, 52, 3822.00, NULL),
(329, 21, 6, 1822.00, NULL),
(330, 21, 14, 6682.00, NULL),
(331, 21, 16, 2462.00, NULL),
(332, 21, 21, 5622.00, NULL),
(333, 21, 34, 6822.00, NULL),
(334, 21, 38, 5182.00, NULL),
(335, 21, 42, 2282.00, NULL),
(336, 21, 54, 3222.00, NULL),
(337, 22, 2, 1161.00, NULL),
(338, 22, 7, 3202.00, NULL),
(339, 22, 8, 1802.00, NULL),
(340, 22, 19, 761.00, NULL),
(341, 22, 28, 1720.00, NULL),
(342, 22, 30, -240.00, NULL),
(343, 22, 41, -120.00, NULL),
(344, 22, 50, 1501.00, NULL),
(345, 22, 3, 4102.00, NULL),
(346, 22, 10, 2902.00, NULL),
(347, 22, 11, 6742.00, NULL),
(348, 22, 12, 4042.00, NULL),
(349, 22, 25, 4262.00, NULL),
(350, 22, 35, 4062.00, NULL),
(351, 22, 43, 2162.00, NULL),
(352, 22, 47, 6982.00, NULL),
(353, 23, 9, 7222.00, NULL),
(354, 23, 13, 2602.00, NULL),
(355, 23, 17, 4282.00, NULL),
(356, 23, 22, 3462.00, NULL),
(357, 23, 31, 3642.00, NULL),
(358, 23, 37, 5082.00, NULL),
(359, 23, 45, 9522.00, NULL),
(360, 23, 52, 5042.00, NULL),
(361, 23, 23, 920.00, NULL),
(362, 23, 24, 521.00, NULL),
(363, 23, 27, 20.00, NULL),
(364, 23, 39, 320.00, NULL),
(365, 23, 44, 20.00, NULL),
(366, 23, 48, 760.00, NULL),
(367, 23, 49, 500.00, NULL),
(368, 23, 53, 2402.00, NULL),
(369, 24, 6, 3762.00, NULL),
(370, 24, 14, 6402.00, NULL),
(371, 24, 16, 2582.00, NULL),
(372, 24, 21, 4302.00, NULL),
(373, 24, 34, 7862.00, NULL),
(374, 24, 38, 3542.00, NULL),
(375, 24, 42, 2742.00, NULL),
(376, 24, 54, 2822.00, NULL),
(377, 24, 1, 3821.00, NULL),
(378, 24, 4, 6622.00, NULL),
(379, 24, 18, 1700.00, NULL),
(380, 24, 20, 2141.00, NULL),
(381, 24, 26, 2501.00, NULL),
(382, 24, 32, 3221.00, NULL),
(383, 24, 36, 2661.00, NULL),
(384, 24, 40, 6262.00, NULL),
(385, 25, 2, -340.00, NULL),
(386, 25, 7, 2422.00, NULL),
(387, 25, 8, -240.00, NULL),
(388, 25, 19, 2162.00, NULL),
(389, 25, 28, 2062.00, NULL),
(390, 25, 30, -420.00, NULL),
(391, 25, 41, 1101.00, NULL),
(392, 25, 50, 1061.00, NULL),
(393, 25, 9, 6182.00, NULL),
(394, 25, 13, 2042.00, NULL),
(395, 25, 17, 4742.00, NULL),
(396, 25, 22, 2682.00, NULL),
(397, 25, 31, 2962.00, NULL),
(398, 25, 37, 3382.00, NULL),
(399, 25, 45, 6982.00, NULL),
(400, 25, 52, 3182.00, NULL),
(401, 26, 5, 2642.00, NULL),
(402, 26, 6, 2802.00, NULL),
(403, 26, 14, 5721.00, NULL),
(404, 26, 16, 2482.00, NULL),
(405, 26, 21, 2982.00, NULL),
(406, 26, 34, 8842.00, NULL),
(407, 26, 38, 3482.00, NULL),
(408, 26, 54, 1361.00, NULL),
(409, 26, 3, 5242.00, NULL),
(410, 26, 10, 3042.00, NULL),
(411, 26, 11, 6102.00, NULL),
(412, 26, 12, 4342.00, NULL),
(413, 26, 25, 5502.00, NULL),
(414, 26, 35, 5402.00, NULL),
(415, 26, 43, 941.00, NULL),
(416, 26, 47, 9582.00, NULL),
(417, 27, 1, 2602.00, NULL),
(418, 27, 4, 4502.00, NULL),
(419, 27, 18, 4742.00, NULL),
(420, 27, 20, 4382.00, NULL),
(421, 27, 26, 2822.00, NULL),
(422, 27, 32, 2862.00, NULL),
(423, 27, 36, 3702.00, NULL),
(424, 27, 40, 6002.00, NULL),
(425, 27, 23, 2542.00, NULL),
(426, 27, 24, 3342.00, NULL),
(427, 27, 27, -500.00, NULL),
(428, 27, 39, 300.00, NULL),
(429, 27, 44, 2202.00, NULL),
(430, 27, 48, 300.00, NULL),
(431, 27, 49, 2262.00, NULL),
(432, 27, 53, -160.00, NULL),
(433, 28, 5, 3822.00, NULL),
(434, 28, 6, 3422.00, NULL),
(435, 28, 14, 5582.00, NULL),
(436, 28, 16, 3142.00, NULL),
(437, 28, 34, 6622.00, NULL),
(438, 28, 38, 4622.00, NULL),
(439, 28, 42, 3682.00, NULL),
(440, 28, 54, 3542.00, NULL),
(441, 28, 2, 680.00, NULL),
(442, 28, 7, 601.00, NULL),
(443, 28, 8, 3222.00, NULL),
(444, 28, 19, 1421.00, NULL),
(445, 28, 28, 300.00, NULL),
(446, 28, 30, 900.00, NULL),
(447, 28, 41, 20.00, NULL),
(448, 28, 50, 1662.00, NULL),
(449, 29, 1, 4322.00, NULL),
(450, 29, 4, 6662.00, NULL),
(451, 29, 18, 4882.00, NULL),
(452, 29, 20, 3222.00, NULL),
(453, 29, 26, 3582.00, NULL),
(454, 29, 32, 2662.00, NULL),
(455, 29, 36, 2002.00, NULL),
(456, 29, 40, 5762.00, NULL),
(457, 29, 9, 6682.00, NULL),
(458, 29, 13, 2042.00, NULL),
(459, 29, 17, 3342.00, NULL),
(460, 29, 22, 3922.00, NULL),
(461, 29, 31, 4242.00, NULL),
(462, 29, 37, 4802.00, NULL),
(463, 29, 45, 9402.00, NULL),
(464, 29, 52, 4322.00, NULL),
(465, 30, 23, 2002.00, NULL),
(466, 30, 24, -20.00, NULL),
(467, 30, 27, -940.00, NULL),
(468, 30, 39, 1021.00, NULL),
(469, 30, 44, 1742.00, NULL),
(470, 30, 48, 1861.00, NULL),
(471, 30, 49, 1762.00, NULL),
(472, 30, 53, 2902.00, NULL),
(473, 30, 3, 3342.00, NULL),
(474, 30, 10, 4862.00, NULL),
(475, 30, 11, 5162.00, NULL),
(476, 30, 12, 3182.00, NULL),
(477, 30, 25, 4202.00, NULL),
(478, 30, 35, 4042.00, NULL),
(479, 30, 43, 3042.00, NULL),
(480, 30, 47, 4582.00, NULL),
(481, 31, 2, 1218.00, NULL),
(482, 31, 7, 8730.00, NULL),
(483, 31, 8, 14085.00, NULL),
(484, 31, 19, 1517.00, NULL),
(485, 31, 28, 5731.00, NULL),
(486, 31, 30, -431.00, NULL),
(487, 31, 41, 7906.00, NULL),
(488, 31, 50, 2482.00, NULL),
(489, 31, 9, 11568.00, NULL),
(490, 31, 13, 6371.00, NULL),
(491, 31, 17, 10326.00, NULL),
(492, 31, 22, 10079.00, NULL),
(493, 31, 31, 9093.00, NULL),
(494, 31, 37, 14191.00, NULL),
(495, 31, 45, 11117.00, NULL),
(496, 31, 52, 9913.00, NULL),
(497, 31, 1, 6409.00, NULL),
(498, 31, 4, 11453.00, NULL),
(499, 31, 18, 8329.00, NULL),
(500, 31, 20, 8597.00, NULL),
(501, 31, 26, 11291.00, NULL),
(502, 31, 32, 8839.00, NULL),
(503, 31, 36, 7340.00, NULL),
(504, 31, 40, 9279.00, NULL),
(505, 32, 2, 2702.00, NULL),
(506, 32, 7, 9779.00, NULL),
(507, 32, 8, 10356.00, NULL),
(508, 32, 19, -373.00, NULL),
(509, 32, 28, -405.00, NULL),
(510, 32, 30, 3128.00, NULL),
(511, 32, 41, 9940.00, NULL),
(512, 32, 50, 681.00, NULL),
(513, 32, 5, 7830.00, NULL),
(514, 32, 6, 5230.00, NULL),
(515, 32, 14, 8919.00, NULL),
(516, 32, 21, 15903.00, NULL),
(517, 32, 34, 9828.00, NULL),
(518, 32, 38, 6829.00, NULL),
(519, 32, 42, 14441.00, NULL),
(520, 32, 54, 6419.00, NULL),
(521, 32, 3, 16278.00, NULL),
(522, 32, 10, 10604.00, NULL),
(523, 32, 11, 9980.00, NULL),
(524, 32, 12, 14943.00, NULL),
(525, 32, 25, 10951.00, NULL),
(526, 32, 35, 14819.00, NULL),
(527, 32, 43, 16303.00, NULL),
(528, 32, 47, 7557.00, NULL),
(529, 33, 9, 12802.00, NULL),
(530, 33, 13, 5566.00, NULL),
(531, 33, 17, 8178.00, NULL),
(532, 33, 22, 10429.00, NULL),
(533, 33, 31, 7116.00, NULL),
(534, 33, 37, 6579.00, NULL),
(535, 33, 45, 16753.00, NULL),
(536, 33, 52, 4097.00, NULL),
(537, 33, 23, 6797.00, NULL),
(538, 33, 24, 9354.00, NULL),
(539, 33, 27, 1328.00, NULL),
(540, 33, 39, 7979.00, NULL),
(541, 33, 44, 3403.00, NULL),
(542, 33, 48, 10089.00, NULL),
(543, 33, 49, 10104.00, NULL),
(544, 33, 53, 5064.00, NULL),
(545, 33, 5, 12803.00, NULL),
(546, 33, 6, 6642.00, NULL),
(547, 33, 14, 4541.00, NULL),
(548, 33, 21, 19056.00, NULL),
(549, 33, 34, 8617.00, NULL),
(550, 33, 38, 7091.00, NULL),
(551, 33, 42, 11157.00, NULL),
(552, 33, 54, 5693.00, NULL),
(553, 34, 3, 14391.00, NULL),
(554, 34, 10, 9954.00, NULL),
(555, 34, 11, 5702.00, NULL),
(556, 34, 12, 11381.00, NULL),
(557, 34, 25, 10478.00, NULL),
(558, 34, 35, 13121.00, NULL),
(559, 34, 43, 14680.00, NULL),
(560, 34, 47, 9054.00, NULL),
(561, 34, 1, 5980.00, NULL),
(562, 34, 4, 5679.00, NULL),
(563, 34, 18, 7309.00, NULL),
(564, 34, 20, 11016.00, NULL),
(565, 34, 26, 5867.00, NULL),
(566, 34, 32, 10640.00, NULL),
(567, 34, 36, 8895.00, NULL),
(568, 34, 40, 1977.00, NULL),
(569, 34, 9, 8918.00, NULL),
(570, 34, 13, 1534.00, NULL),
(571, 34, 17, 6345.00, NULL),
(572, 34, 22, 8541.00, NULL),
(573, 34, 31, 3768.00, NULL),
(574, 34, 37, 3166.00, NULL),
(575, 34, 45, 10978.00, NULL),
(576, 34, 52, 6602.00, NULL),
(577, 35, 23, 5583.00, NULL),
(578, 35, 24, 3992.00, NULL),
(579, 35, 27, 4004.00, NULL),
(580, 35, 39, 9183.00, NULL),
(581, 35, 44, 1267.00, NULL),
(582, 35, 48, 6481.00, NULL),
(583, 35, 49, 7631.00, NULL),
(584, 35, 53, 4766.00, NULL),
(585, 35, 2, 2093.00, NULL),
(586, 35, 7, 6153.00, NULL),
(587, 35, 8, 9541.00, NULL),
(588, 35, 19, 4742.00, NULL),
(589, 35, 28, 6495.00, NULL),
(590, 35, 41, 4332.00, NULL),
(591, 35, 50, 1478.00, NULL),
(592, 35, 3, 17469.00, NULL),
(593, 35, 10, 10877.00, NULL),
(594, 35, 11, 13338.00, NULL),
(595, 35, 12, 13258.00, NULL),
(596, 35, 25, 12653.00, NULL),
(597, 35, 35, 18831.00, NULL),
(598, 35, 43, 14014.00, NULL),
(599, 35, 47, 12903.00, NULL),
(600, 36, 23, 7595.00, NULL),
(601, 36, 24, 3028.00, NULL),
(602, 36, 27, 6130.00, NULL),
(603, 36, 39, 3607.00, NULL),
(604, 36, 44, 1591.00, NULL),
(605, 36, 48, 12316.00, NULL),
(606, 36, 49, 7117.00, NULL),
(607, 36, 53, 4053.00, NULL),
(608, 36, 5, 12004.00, NULL),
(609, 36, 6, 10329.00, NULL),
(610, 36, 14, 10156.00, NULL),
(611, 36, 16, 6454.00, NULL),
(612, 36, 21, 17630.00, NULL),
(613, 36, 34, 10954.00, NULL),
(614, 36, 42, 12959.00, NULL),
(615, 36, 54, 4043.00, NULL),
(616, 36, 1, 14766.00, NULL),
(617, 36, 4, 8697.00, NULL),
(618, 36, 18, 11594.00, NULL),
(619, 36, 20, 9128.00, NULL),
(620, 36, 26, 13655.00, NULL),
(621, 36, 32, 16118.00, NULL),
(622, 36, 36, 11065.00, NULL),
(623, 36, 40, 10231.00, NULL),
(624, 37, 6, 4867.00, NULL),
(625, 37, 14, 12069.00, NULL),
(626, 37, 16, 1746.00, NULL),
(627, 37, 21, 15240.00, NULL),
(628, 37, 34, 9567.00, NULL),
(629, 37, 38, 8855.00, NULL),
(630, 37, 42, 13473.00, NULL),
(631, 37, 54, 8955.00, NULL),
(632, 37, 9, 11680.00, NULL),
(633, 37, 13, 8720.00, NULL),
(634, 37, 17, 12375.00, NULL),
(635, 37, 22, 13865.00, NULL),
(636, 37, 31, 14207.00, NULL),
(637, 37, 37, 8343.00, NULL),
(638, 37, 45, 11892.00, NULL),
(639, 37, 52, 7715.00, NULL),
(640, 37, 2, 10016.00, NULL),
(641, 37, 7, 6468.00, NULL),
(642, 37, 8, 9990.00, NULL),
(643, 37, 19, 3451.00, NULL),
(644, 37, 28, 10592.00, NULL),
(645, 37, 30, 3278.00, NULL),
(646, 37, 41, 6204.00, NULL),
(647, 37, 50, 3064.00, NULL),
(648, 38, 3, 12792.00, NULL),
(649, 38, 10, 12833.00, NULL),
(650, 38, 11, 8978.00, NULL),
(651, 38, 12, 12719.00, NULL),
(652, 38, 25, 9065.00, NULL),
(653, 38, 35, 10009.00, NULL),
(654, 38, 43, 14227.00, NULL),
(655, 38, 47, 14879.00, NULL),
(656, 38, 23, 6732.00, NULL),
(657, 38, 24, 5276.00, NULL),
(658, 38, 27, 7515.00, NULL),
(659, 38, 39, 10280.00, NULL),
(660, 38, 44, 4952.00, NULL),
(661, 38, 48, 6516.00, NULL),
(662, 38, 49, 10240.00, NULL),
(663, 38, 53, 3890.00, NULL),
(664, 38, 9, 11305.00, NULL),
(665, 38, 13, 2407.00, NULL),
(666, 38, 17, 13659.00, NULL),
(667, 38, 22, 5031.00, NULL),
(668, 38, 31, 6043.00, NULL),
(669, 38, 37, 12418.00, NULL),
(670, 38, 45, 9665.00, NULL),
(671, 38, 52, 6104.00, NULL),
(672, 39, 1, 7444.00, NULL),
(673, 39, 4, 8789.00, NULL),
(674, 39, 18, 7816.00, NULL),
(675, 39, 20, 16405.00, NULL),
(676, 39, 26, 8879.00, NULL),
(677, 39, 32, 15278.00, NULL),
(678, 39, 36, 15504.00, NULL),
(679, 39, 40, 9050.00, NULL),
(680, 39, 2, 4606.00, NULL),
(681, 39, 7, 10316.00, NULL),
(682, 39, 8, 4940.00, NULL),
(683, 39, 19, 3678.00, NULL),
(684, 39, 28, 8238.00, NULL),
(685, 39, 30, 3405.00, NULL),
(686, 39, 41, 9207.00, NULL),
(687, 39, 50, 6442.00, NULL),
(688, 39, 23, 2269.00, NULL),
(689, 39, 24, 6568.00, NULL),
(690, 39, 27, 9095.00, NULL),
(691, 39, 39, 9955.00, NULL),
(692, 39, 44, 8127.00, NULL),
(693, 39, 48, 6768.00, NULL),
(694, 39, 49, 5466.00, NULL),
(695, 39, 53, 3139.00, NULL),
(696, 40, 1, 7560.00, NULL),
(697, 40, 4, 12353.00, NULL),
(698, 40, 18, 7893.00, NULL),
(699, 40, 20, 14543.00, NULL),
(700, 40, 26, 9319.00, NULL),
(701, 40, 32, 10707.00, NULL),
(702, 40, 36, 11705.00, NULL),
(703, 40, 40, 7077.00, NULL),
(704, 40, 3, 14416.00, NULL),
(705, 40, 10, 10692.00, NULL),
(706, 40, 11, 10043.00, NULL),
(707, 40, 12, 13703.00, NULL),
(708, 40, 25, 7416.00, NULL),
(709, 40, 35, 10944.00, NULL),
(710, 40, 43, 7964.00, NULL),
(711, 40, 47, 13231.00, NULL),
(712, 40, 5, 11378.00, NULL),
(713, 40, 6, 6865.00, NULL),
(714, 40, 14, 7233.00, NULL),
(715, 40, 21, 14278.00, NULL),
(716, 40, 34, 11041.00, NULL),
(717, 40, 38, 10593.00, NULL),
(718, 40, 42, 14481.00, NULL),
(719, 40, 54, 5494.00, NULL),
(720, 46, 33, 0.00, NULL),
(721, 46, 51, 0.00, NULL),
(722, 47, 55, 0.00, NULL),
(723, 47, 46, 0.00, NULL),
(724, 48, 29, 0.00, NULL),
(725, 48, 15, 0.00, NULL),
(726, 49, 33, 0.00, NULL),
(727, 49, 46, 0.00, NULL),
(728, 50, 51, 0.00, NULL),
(729, 50, 15, 0.00, NULL),
(730, 51, 55, 0.00, NULL),
(731, 51, 29, 0.00, NULL),
(732, 52, 33, 0.00, NULL),
(733, 52, 15, 0.00, NULL),
(734, 53, 46, 0.00, NULL),
(735, 53, 29, 0.00, NULL),
(736, 54, 51, 0.00, NULL),
(737, 54, 55, 0.00, NULL),
(738, 55, 29, 0.00, NULL),
(739, 55, 33, 0.00, NULL),
(740, 56, 15, 0.00, NULL),
(741, 56, 55, 0.00, NULL),
(742, 57, 46, 0.00, NULL),
(743, 57, 51, 0.00, NULL),
(744, 58, 33, 0.00, NULL),
(745, 58, 55, 0.00, NULL),
(746, 59, 29, 0.00, NULL),
(747, 59, 51, 0.00, NULL),
(748, 60, 15, 0.00, NULL),
(749, 60, 46, 0.00, NULL),
(750, 61, 9, 186.00, NULL),
(751, 61, 13, 335.00, NULL),
(752, 61, 17, 864.00, NULL),
(753, 61, 22, 195.00, NULL),
(754, 61, 31, 385.00, NULL),
(755, 61, 37, 135.00, NULL),
(756, 61, 45, 695.00, NULL),
(757, 61, 52, 242.00, NULL),
(758, 61, 3, 948.00, NULL),
(759, 61, 10, 82.00, NULL),
(760, 61, 11, 215.00, NULL),
(761, 61, 12, 147.00, NULL),
(762, 61, 25, 249.00, NULL),
(763, 61, 35, 316.00, NULL),
(764, 61, 43, -215.00, NULL),
(765, 61, 47, 575.00, NULL),
(766, 62, 5, -34.00, NULL),
(767, 62, 6, -188.00, NULL),
(768, 62, 14, 285.00, NULL),
(769, 62, 16, -47.00, NULL),
(770, 62, 34, 295.00, NULL),
(771, 62, 38, 564.00, NULL),
(772, 62, 42, 4.00, NULL),
(773, 62, 54, 521.00, NULL),
(774, 62, 23, -4.00, NULL),
(775, 62, 24, 670.00, NULL),
(776, 62, 27, 47.00, NULL),
(777, 62, 39, -20.00, NULL),
(778, 62, 44, 185.00, NULL),
(779, 62, 48, 528.00, NULL),
(780, 62, 49, 192.00, NULL),
(781, 62, 53, 737.00, NULL),
(782, 63, 2, -234.00, NULL),
(783, 63, 7, -9.00, NULL),
(784, 63, 8, 149.00, NULL),
(785, 63, 19, -19.00, NULL),
(786, 63, 28, 352.00, NULL),
(787, 63, 30, -151.00, NULL),
(788, 63, 41, -226.00, NULL),
(789, 63, 50, 300.00, NULL),
(790, 63, 1, 203.00, NULL),
(791, 63, 4, 900.00, NULL),
(792, 63, 18, 725.00, NULL),
(793, 63, 20, 493.00, NULL),
(794, 63, 26, 487.00, NULL),
(795, 63, 32, 978.00, NULL),
(796, 63, 36, 1396.00, NULL),
(797, 63, 40, 146.00, NULL),
(798, 64, 5, -211.00, NULL),
(799, 64, 6, -131.00, NULL),
(800, 64, 14, 68.00, NULL),
(801, 64, 16, -379.00, NULL),
(802, 64, 34, -198.00, NULL),
(803, 64, 38, -215.00, NULL),
(804, 64, 42, 94.00, NULL),
(805, 64, 54, 259.00, NULL),
(806, 64, 3, 1029.00, NULL),
(807, 64, 10, 611.00, NULL),
(808, 64, 11, 361.00, NULL),
(809, 64, 12, 675.00, NULL),
(810, 64, 25, 1169.00, NULL),
(811, 64, 35, 630.00, NULL),
(812, 64, 43, 541.00, NULL),
(813, 64, 47, 1239.00, NULL),
(814, 65, 2, -177.00, NULL),
(815, 65, 7, -59.00, NULL),
(816, 65, 8, 141.00, NULL),
(817, 65, 19, -281.00, NULL),
(818, 65, 28, 102.00, NULL),
(819, 65, 30, 65.00, NULL),
(820, 65, 50, -114.00, NULL),
(821, 65, 9, 313.00, NULL),
(822, 65, 13, 155.00, NULL),
(823, 65, 17, 1744.00, NULL),
(824, 65, 22, 926.00, NULL),
(825, 65, 31, 410.00, NULL),
(826, 65, 37, 313.00, NULL),
(827, 65, 45, 1427.00, NULL),
(828, 65, 52, 645.00, NULL),
(829, 66, 1, 325.00, NULL),
(830, 66, 4, 428.00, NULL),
(831, 66, 18, 692.00, NULL),
(832, 66, 20, 449.00, NULL),
(833, 66, 26, 421.00, NULL),
(834, 66, 32, 999.00, NULL),
(835, 66, 36, 652.00, NULL),
(836, 66, 40, 478.00, NULL),
(837, 66, 23, -3.00, NULL),
(838, 66, 24, -199.00, NULL),
(839, 66, 27, -162.00, NULL),
(840, 66, 39, 40.00, NULL),
(841, 66, 44, 206.00, NULL),
(842, 66, 48, 415.00, NULL),
(843, 66, 49, -176.00, NULL),
(844, 66, 53, -40.00, NULL),
(845, 67, 3, 569.00, NULL),
(846, 67, 10, 239.00, NULL),
(847, 67, 11, 873.00, NULL),
(848, 67, 12, 295.00, NULL),
(849, 67, 25, 665.00, NULL),
(850, 67, 35, 1095.00, NULL),
(851, 67, 43, 585.00, NULL),
(852, 67, 47, 438.00, NULL),
(853, 67, 2, 26.00, NULL),
(854, 67, 7, -41.00, NULL),
(855, 67, 8, 78.00, NULL),
(856, 67, 19, -266.00, NULL),
(857, 67, 28, -71.00, NULL),
(858, 67, 50, 181.00, NULL),
(859, 68, 1, 508.00, NULL),
(860, 68, 4, 1217.00, NULL),
(861, 68, 18, 1139.00, NULL),
(862, 68, 20, 1017.00, NULL),
(863, 68, 26, 587.00, NULL),
(864, 68, 32, 959.00, NULL),
(865, 68, 36, 964.00, NULL),
(866, 68, 40, 241.00, NULL),
(867, 68, 5, -120.00, NULL),
(868, 68, 6, -141.00, NULL),
(869, 68, 14, 228.00, NULL),
(870, 68, 16, -92.00, NULL),
(871, 68, 34, 144.00, NULL),
(872, 68, 38, -168.00, NULL),
(873, 68, 42, -70.00, NULL),
(874, 68, 54, -130.00, NULL),
(875, 69, 23, 487.00, NULL),
(876, 69, 24, -372.00, NULL),
(877, 69, 27, -233.00, NULL),
(878, 69, 39, 5.00, NULL),
(879, 69, 44, 19.00, NULL),
(880, 69, 48, 199.00, NULL),
(881, 69, 49, 212.00, NULL),
(882, 69, 53, -156.00, NULL),
(883, 69, 9, 518.00, NULL),
(884, 69, 13, 218.00, NULL),
(885, 69, 17, 898.00, NULL),
(886, 69, 22, 906.00, NULL),
(887, 69, 31, 242.00, NULL),
(888, 69, 37, 881.00, NULL),
(889, 69, 45, 1303.00, NULL),
(890, 69, 52, 1335.00, NULL),
(891, 70, 3, 938.00, NULL),
(892, 70, 10, 902.00, NULL),
(893, 70, 11, 636.00, NULL),
(894, 70, 12, 526.00, NULL),
(895, 70, 25, 481.00, NULL),
(896, 70, 35, 521.00, NULL),
(897, 70, 43, 39.00, NULL),
(898, 70, 47, 869.00, NULL),
(899, 70, 1, 23.00, NULL),
(900, 70, 4, 421.00, NULL),
(901, 70, 18, 237.00, NULL),
(902, 70, 20, 389.00, NULL),
(903, 70, 26, 259.00, NULL),
(904, 70, 32, 151.00, NULL),
(905, 70, 36, -27.00, NULL),
(906, 70, 40, 243.00, NULL),
(907, 71, 23, 257.00, NULL),
(908, 71, 24, 259.00, NULL),
(909, 71, 27, 13.00, NULL),
(910, 71, 39, 330.00, NULL),
(911, 71, 44, 1238.00, NULL),
(912, 71, 48, 220.00, NULL),
(913, 71, 49, 154.00, NULL),
(914, 71, 53, 202.00, NULL),
(915, 71, 2, 567.00, NULL),
(916, 71, 7, 158.00, NULL),
(917, 71, 8, 498.00, NULL),
(918, 71, 19, 17.00, NULL),
(919, 71, 28, 166.00, NULL),
(920, 71, 30, -135.00, NULL),
(921, 71, 41, 91.00, NULL),
(922, 71, 50, 198.00, NULL),
(923, 72, 9, 1010.00, NULL),
(924, 72, 13, 272.00, NULL),
(925, 72, 17, 605.00, NULL),
(926, 72, 22, 967.00, NULL),
(927, 72, 31, 564.00, NULL),
(928, 72, 37, 660.00, NULL),
(929, 72, 45, 1346.00, NULL),
(930, 72, 52, 775.00, NULL),
(931, 72, 5, -146.00, NULL),
(932, 72, 6, -165.00, NULL),
(933, 72, 14, 154.00, NULL),
(934, 72, 16, -154.00, NULL),
(935, 72, 34, 267.00, NULL),
(936, 72, 38, 67.00, NULL),
(937, 72, 42, -258.00, NULL),
(938, 72, 54, 55.00, NULL),
(939, 73, 23, -63.00, NULL),
(940, 73, 24, -58.00, NULL),
(941, 73, 27, -150.00, NULL),
(942, 73, 39, 73.00, NULL),
(943, 73, 44, 114.00, NULL),
(944, 73, 48, -7.00, NULL),
(945, 73, 49, -63.00, NULL),
(946, 73, 53, 170.00, NULL),
(947, 73, 3, 1111.00, NULL),
(948, 73, 10, 435.00, NULL),
(949, 73, 11, 1127.00, NULL),
(950, 73, 12, 374.00, NULL),
(951, 73, 25, 341.00, NULL),
(952, 73, 35, 406.00, NULL),
(953, 73, 43, 578.00, NULL),
(954, 73, 47, 664.00, NULL),
(955, 74, 9, 260.00, NULL),
(956, 74, 13, 477.00, NULL),
(957, 74, 17, 1028.00, NULL),
(958, 74, 22, 327.00, NULL),
(959, 74, 31, 32.00, NULL),
(960, 74, 37, 717.00, NULL),
(961, 74, 45, 749.00, NULL),
(962, 74, 52, 389.00, NULL),
(963, 74, 1, -126.00, NULL),
(964, 74, 4, -172.00, NULL),
(965, 74, 18, 474.00, NULL),
(966, 74, 20, 400.00, NULL),
(967, 74, 26, -37.00, NULL),
(968, 74, 32, 720.00, NULL),
(969, 74, 36, 477.00, NULL),
(970, 74, 40, 78.00, NULL),
(971, 75, 5, 1.00, NULL),
(972, 75, 6, 106.00, NULL),
(973, 75, 14, 171.00, NULL),
(974, 75, 16, 54.00, NULL),
(975, 75, 34, 717.00, NULL),
(976, 75, 38, 529.00, NULL),
(977, 75, 42, 46.00, NULL),
(978, 75, 54, 510.00, NULL),
(979, 75, 2, 133.00, NULL),
(980, 75, 7, 661.00, NULL),
(981, 75, 8, 337.00, NULL),
(982, 75, 19, 602.00, NULL),
(983, 75, 28, 213.00, NULL),
(984, 75, 30, -51.00, NULL),
(985, 75, 41, 116.00, NULL),
(986, 75, 50, 305.00, NULL),
(987, 76, 5, 2300.00, NULL),
(988, 76, 6, 1680.00, NULL),
(989, 76, 14, 2635.00, NULL),
(990, 76, 16, 3095.00, NULL),
(991, 76, 34, 2430.00, NULL),
(992, 76, 38, 2505.00, NULL),
(993, 76, 42, 1790.00, NULL),
(994, 76, 54, 5420.00, NULL),
(995, 76, 9, 13915.00, NULL),
(996, 76, 13, 3030.00, NULL),
(997, 76, 17, 13475.00, NULL),
(998, 76, 22, 8235.00, NULL),
(999, 76, 31, 3930.00, NULL),
(1000, 76, 37, 5790.00, NULL),
(1001, 76, 45, 14980.00, NULL),
(1002, 76, 52, 2165.00, NULL),
(1003, 77, 2, 3385.00, NULL),
(1004, 77, 7, 6790.00, NULL),
(1005, 77, 8, 2320.00, NULL),
(1006, 77, 19, 2930.00, NULL),
(1007, 77, 28, 6625.00, NULL),
(1008, 77, 30, 3040.00, NULL),
(1009, 77, 41, 1835.00, NULL),
(1010, 77, 50, 920.00, NULL),
(1011, 77, 3, 7735.00, NULL),
(1012, 77, 10, 14075.00, NULL),
(1013, 77, 11, 7375.00, NULL),
(1014, 77, 12, 5800.00, NULL),
(1015, 77, 25, 10330.00, NULL),
(1016, 77, 35, 9555.00, NULL),
(1017, 77, 43, 500.00, NULL),
(1018, 77, 47, 4090.00, NULL),
(1019, 78, 1, 5745.00, NULL),
(1020, 78, 4, 3715.00, NULL),
(1021, 78, 18, 6625.00, NULL),
(1022, 78, 20, 1980.00, NULL),
(1023, 78, 26, 8640.00, NULL),
(1024, 78, 32, 5640.00, NULL),
(1025, 78, 36, 4440.00, NULL),
(1026, 78, 40, 1925.00, NULL),
(1027, 78, 23, 5810.00, NULL),
(1028, 78, 24, 3085.00, NULL),
(1029, 78, 27, 1970.00, NULL),
(1030, 78, 39, 4565.00, NULL),
(1031, 78, 44, 4390.00, NULL),
(1032, 78, 48, 2595.00, NULL),
(1033, 78, 49, 4565.00, NULL),
(1034, 78, 53, 5245.00, NULL),
(1035, 79, 2, 5520.00, NULL),
(1036, 79, 7, 4935.00, NULL),
(1037, 79, 8, 5190.00, NULL),
(1038, 79, 19, 6855.00, NULL),
(1039, 79, 28, 3590.00, NULL),
(1040, 79, 30, 6395.00, NULL),
(1041, 79, 41, 4365.00, NULL),
(1042, 79, 50, 2260.00, NULL),
(1043, 79, 9, 18930.00, NULL),
(1044, 79, 13, 5910.00, NULL),
(1045, 79, 17, 6735.00, NULL),
(1046, 79, 22, 5870.00, NULL),
(1047, 79, 31, 5495.00, NULL),
(1048, 79, 37, 8735.00, NULL),
(1049, 79, 45, 6890.00, NULL),
(1050, 79, 52, 3505.00, NULL),
(1051, 80, 1, 8775.00, NULL),
(1052, 80, 4, 3560.00, NULL),
(1053, 80, 18, 3840.00, NULL),
(1054, 80, 20, 12010.00, NULL),
(1055, 80, 26, 5650.00, NULL),
(1056, 80, 32, 7170.00, NULL),
(1057, 80, 36, 9025.00, NULL),
(1058, 80, 40, 3385.00, NULL),
(1059, 80, 5, 2540.00, NULL),
(1060, 80, 6, 2010.00, NULL),
(1061, 80, 14, 4635.00, NULL),
(1062, 80, 16, 2385.00, NULL),
(1063, 80, 34, 6705.00, NULL),
(1064, 80, 38, 3050.00, NULL),
(1065, 80, 42, 1745.00, NULL),
(1066, 80, 54, 2070.00, NULL),
(1067, 81, 23, 6150.00, NULL),
(1068, 81, 24, 3775.00, NULL),
(1069, 81, 27, 2715.00, NULL),
(1070, 81, 39, 6285.00, NULL),
(1071, 81, 44, 4190.00, NULL),
(1072, 81, 48, 1900.00, NULL),
(1073, 81, 49, 10870.00, NULL),
(1074, 81, 53, 3665.00, NULL),
(1075, 81, 3, 4190.00, NULL),
(1076, 81, 10, 6170.00, NULL),
(1077, 81, 11, 2845.00, NULL),
(1078, 81, 12, 3950.00, NULL),
(1079, 81, 25, 5920.00, NULL),
(1080, 81, 35, 3525.00, NULL),
(1081, 81, 43, 2555.00, NULL),
(1082, 81, 47, 4230.00, NULL),
(1083, 82, 9, 16040.00, NULL),
(1084, 82, 13, 6855.00, NULL),
(1085, 82, 17, 6500.00, NULL),
(1086, 82, 22, 6655.00, NULL),
(1087, 82, 31, 8270.00, NULL),
(1088, 82, 37, 2880.00, NULL),
(1089, 82, 45, 5895.00, NULL),
(1090, 82, 52, 5390.00, NULL),
(1091, 82, 1, 2270.00, NULL),
(1092, 82, 4, 2920.00, NULL),
(1093, 82, 18, 3340.00, NULL),
(1094, 82, 20, 4755.00, NULL),
(1095, 82, 26, 4475.00, NULL),
(1096, 82, 32, 5295.00, NULL),
(1097, 82, 36, 6335.00, NULL),
(1098, 82, 40, 3875.00, NULL),
(1099, 83, 23, 7980.00, NULL),
(1100, 83, 24, 8990.00, NULL),
(1101, 83, 27, 6995.00, NULL),
(1102, 83, 39, 4420.00, NULL),
(1103, 83, 44, 6365.00, NULL),
(1104, 83, 48, 4165.00, NULL),
(1105, 83, 49, 10345.00, NULL),
(1106, 83, 53, 13045.00, NULL),
(1107, 83, 2, 5050.00, NULL),
(1108, 83, 7, 5915.00, NULL),
(1109, 83, 8, 3105.00, NULL),
(1110, 83, 19, 3100.00, NULL),
(1111, 83, 28, 5555.00, NULL),
(1112, 83, 30, 5280.00, NULL),
(1113, 83, 41, 2660.00, NULL),
(1114, 83, 50, 4620.00, NULL),
(1115, 84, 3, 4660.00, NULL),
(1116, 84, 10, 11890.00, NULL),
(1117, 84, 11, 8250.00, NULL),
(1118, 84, 12, 4985.00, NULL),
(1119, 84, 25, 3910.00, NULL),
(1120, 84, 35, 7690.00, NULL),
(1121, 84, 43, 1665.00, NULL),
(1122, 84, 47, 8350.00, NULL),
(1123, 84, 5, 1275.00, NULL),
(1124, 84, 6, 1585.00, NULL),
(1125, 84, 14, 4260.00, NULL),
(1126, 84, 16, 1440.00, NULL),
(1127, 84, 34, 4940.00, NULL),
(1128, 84, 38, 2515.00, NULL),
(1129, 84, 42, 1650.00, NULL),
(1130, 84, 54, 2475.00, NULL),
(1131, 85, 9, 13090.00, NULL),
(1132, 85, 13, 4735.00, NULL),
(1133, 85, 17, 6075.00, NULL),
(1134, 85, 22, 5670.00, NULL),
(1135, 85, 31, 7800.00, NULL),
(1136, 85, 37, 5015.00, NULL),
(1137, 85, 45, 8955.00, NULL),
(1138, 85, 52, 8060.00, NULL),
(1139, 85, 23, 7335.00, NULL),
(1140, 85, 24, 3275.00, NULL),
(1141, 85, 27, 6005.00, NULL),
(1142, 85, 39, 4740.00, NULL),
(1143, 85, 44, 7085.00, NULL),
(1144, 85, 48, 2980.00, NULL),
(1145, 85, 49, 6460.00, NULL),
(1146, 85, 53, 4760.00, NULL),
(1147, 86, 3, 3205.00, NULL),
(1148, 86, 10, 12385.00, NULL),
(1149, 86, 11, 4025.00, NULL),
(1150, 86, 12, 3455.00, NULL),
(1151, 86, 25, 3785.00, NULL),
(1152, 86, 35, 11650.00, NULL),
(1153, 86, 43, 4720.00, NULL),
(1154, 86, 47, 4000.00, NULL),
(1155, 86, 1, 3675.00, NULL),
(1156, 86, 4, 680.00, NULL),
(1157, 86, 18, 3420.00, NULL),
(1158, 86, 20, 2135.00, NULL),
(1159, 86, 26, 8815.00, NULL),
(1160, 86, 32, 3450.00, NULL),
(1161, 86, 36, 3995.00, NULL),
(1162, 86, 40, 3310.00, NULL),
(1163, 87, 5, 2590.00, NULL),
(1164, 87, 6, 4025.00, NULL),
(1165, 87, 14, 6265.00, NULL),
(1166, 87, 16, 3085.00, NULL),
(1167, 87, 34, 11255.00, NULL),
(1168, 87, 38, 5545.00, NULL),
(1169, 87, 42, 4440.00, NULL),
(1170, 87, 54, 3470.00, NULL),
(1171, 87, 2, 7195.00, NULL),
(1172, 87, 7, 9645.00, NULL),
(1173, 87, 8, 10125.00, NULL),
(1174, 87, 19, 4680.00, NULL),
(1175, 87, 28, 6820.00, NULL),
(1176, 87, 30, 3425.00, NULL),
(1177, 87, 41, 5125.00, NULL),
(1178, 87, 50, 7635.00, NULL),
(1179, 88, 3, 1820.00, NULL),
(1180, 88, 10, 5685.00, NULL),
(1181, 88, 11, 3070.00, NULL),
(1182, 88, 12, 4665.00, NULL),
(1183, 88, 25, 2265.00, NULL),
(1184, 88, 35, 8960.00, NULL),
(1185, 88, 43, 2710.00, NULL),
(1186, 88, 47, 4405.00, NULL),
(1187, 88, 9, 8300.00, NULL),
(1188, 88, 13, 5195.00, NULL),
(1189, 88, 17, 3360.00, NULL),
(1190, 88, 22, 6680.00, NULL),
(1191, 88, 31, 5345.00, NULL),
(1192, 88, 37, 4305.00, NULL),
(1193, 88, 45, 5075.00, NULL),
(1194, 88, 52, 2880.00, NULL),
(1195, 89, 5, 4335.00, NULL),
(1196, 89, 6, 3060.00, NULL),
(1197, 89, 14, 3210.00, NULL),
(1198, 89, 16, 1425.00, NULL),
(1199, 89, 34, 6585.00, NULL),
(1200, 89, 38, 3645.00, NULL),
(1201, 89, 42, 2875.00, NULL),
(1202, 89, 54, 9325.00, NULL),
(1203, 89, 23, 5570.00, NULL),
(1204, 89, 24, 4660.00, NULL),
(1205, 89, 27, 5590.00, NULL),
(1206, 89, 39, 6110.00, NULL),
(1207, 89, 44, 7670.00, NULL),
(1208, 89, 48, 7370.00, NULL),
(1209, 89, 49, 6415.00, NULL),
(1210, 89, 53, 8945.00, NULL),
(1211, 90, 2, 2920.00, NULL),
(1212, 90, 7, 8360.00, NULL),
(1213, 90, 8, 6510.00, NULL),
(1214, 90, 19, 3195.00, NULL),
(1215, 90, 28, 4670.00, NULL),
(1216, 90, 30, 3725.00, NULL),
(1217, 90, 41, 3480.00, NULL),
(1218, 90, 50, 8595.00, NULL),
(1219, 90, 1, 6065.00, NULL),
(1220, 90, 4, 4035.00, NULL),
(1221, 90, 18, 3630.00, NULL),
(1222, 90, 20, 4360.00, NULL),
(1223, 90, 26, 19445.00, NULL),
(1224, 90, 32, 5730.00, NULL),
(1225, 90, 36, 7825.00, NULL),
(1226, 90, 40, 4980.00, NULL),
(1227, 91, 2, 2032.00, NULL),
(1228, 91, 7, 1572.00, NULL),
(1229, 91, 8, 2402.00, NULL),
(1230, 91, 19, 1521.00, NULL),
(1231, 91, 28, 2142.00, NULL),
(1232, 91, 30, 80.00, NULL),
(1233, 91, 41, 1542.00, NULL),
(1234, 91, 50, 1922.00, NULL),
(1235, 91, 5, 1120.00, NULL),
(1236, 91, 6, 170.00, NULL),
(1237, 91, 14, 861.00, NULL),
(1238, 91, 16, 300.00, NULL),
(1239, 91, 21, 531.00, NULL),
(1240, 91, 34, 2082.00, NULL),
(1241, 91, 38, -70.00, NULL),
(1242, 91, 54, 1442.00, NULL),
(1243, 92, 1, 1442.00, NULL),
(1244, 92, 4, 1090.00, NULL),
(1245, 92, 18, 360.00, NULL),
(1246, 92, 20, 1922.00, NULL),
(1247, 92, 26, 1522.00, NULL),
(1248, 92, 32, 1730.00, NULL),
(1249, 92, 36, 450.00, NULL),
(1250, 92, 40, 570.00, NULL),
(1251, 92, 9, 1592.00, NULL),
(1252, 92, 13, 40.00, NULL),
(1253, 92, 17, 611.00, NULL),
(1254, 92, 22, 570.00, NULL),
(1255, 92, 31, 270.00, NULL),
(1256, 92, 37, 651.00, NULL),
(1257, 92, 45, 2262.00, NULL),
(1258, 92, 52, 870.00, NULL),
(1259, 93, 23, 600.00, NULL),
(1260, 93, 24, -250.00, NULL),
(1261, 93, 27, -350.00, NULL),
(1262, 93, 39, 270.00, NULL),
(1263, 93, 44, 500.00, NULL),
(1264, 93, 48, -30.00, NULL),
(1265, 93, 49, 1030.00, NULL),
(1266, 93, 53, 291.00, NULL),
(1267, 93, 3, 2331.00, NULL),
(1268, 93, 10, 1922.00, NULL),
(1269, 93, 11, 1692.00, NULL),
(1270, 93, 12, 1301.00, NULL),
(1271, 93, 25, 691.00, NULL),
(1272, 93, 35, 2021.00, NULL),
(1273, 93, 43, 1962.00, NULL),
(1274, 93, 47, 2222.00, NULL),
(1275, 94, 1, 1331.00, NULL),
(1276, 94, 4, 2302.00, NULL),
(1277, 94, 18, 2282.00, NULL),
(1278, 94, 20, 3152.00, NULL),
(1279, 94, 26, 2162.00, NULL),
(1280, 94, 32, 2691.00, NULL),
(1281, 94, 36, 1592.00, NULL),
(1282, 94, 40, 1561.00, NULL),
(1283, 94, 5, 1331.00, NULL),
(1284, 94, 6, -190.00, NULL),
(1285, 94, 14, -300.00, NULL),
(1286, 94, 16, -440.00, NULL),
(1287, 94, 21, -610.00, NULL),
(1288, 94, 34, 420.00, NULL),
(1289, 94, 38, -330.00, NULL),
(1290, 94, 54, 450.00, NULL),
(1291, 95, 23, 1140.00, NULL),
(1292, 95, 24, 730.00, NULL),
(1293, 95, 27, 190.00, NULL),
(1294, 95, 39, 940.00, NULL),
(1295, 95, 44, 2081.00, NULL),
(1296, 95, 48, 730.00, NULL),
(1297, 95, 49, 1522.00, NULL),
(1298, 95, 53, 980.00, NULL),
(1299, 95, 2, 290.00, NULL),
(1300, 95, 7, 150.00, NULL),
(1301, 95, 8, 2032.00, NULL),
(1302, 95, 19, 510.00, NULL),
(1303, 95, 28, -110.00, NULL),
(1304, 95, 30, -370.00, NULL),
(1305, 95, 41, 460.00, NULL),
(1306, 95, 50, 600.00, NULL),
(1307, 96, 3, 2062.00, NULL),
(1308, 96, 10, 1491.00, NULL),
(1309, 96, 11, 730.00, NULL),
(1310, 96, 12, 1710.00, NULL),
(1311, 96, 25, 280.00, NULL),
(1312, 96, 35, 1662.00, NULL),
(1313, 96, 43, 280.00, NULL),
(1314, 96, 47, 1661.00, NULL),
(1315, 96, 9, 1692.00, NULL),
(1316, 96, 13, 700.00, NULL),
(1317, 96, 17, 1290.00, NULL),
(1318, 96, 22, 80.00, NULL),
(1319, 96, 31, 140.00, NULL),
(1320, 96, 37, 1012.00, NULL),
(1321, 96, 45, 781.00, NULL),
(1322, 96, 52, 800.00, NULL),
(1323, 97, 5, 1050.00, NULL),
(1324, 97, 6, 790.00, NULL),
(1325, 97, 14, 421.00, NULL),
(1326, 97, 16, -140.00, NULL),
(1327, 97, 21, 761.00, NULL),
(1328, 97, 34, 1172.00, NULL),
(1329, 97, 38, -60.00, NULL),
(1330, 97, 54, 440.00, NULL),
(1331, 97, 23, 690.00, NULL),
(1332, 97, 24, 650.00, NULL),
(1333, 97, 27, 730.00, NULL),
(1334, 97, 39, 2322.00, NULL),
(1335, 97, 44, 2202.00, NULL),
(1336, 97, 48, 850.00, NULL),
(1337, 97, 49, 1380.00, NULL),
(1338, 97, 53, 800.00, NULL),
(1339, 98, 3, 1782.00, NULL),
(1340, 98, 10, 1201.00, NULL),
(1341, 98, 11, 160.00, NULL),
(1342, 98, 12, 690.00, NULL),
(1343, 98, 25, 350.00, NULL),
(1344, 98, 35, 2052.00, NULL),
(1345, 98, 43, -200.00, NULL),
(1346, 98, 47, 950.00, NULL),
(1347, 98, 1, 951.00, NULL),
(1348, 98, 4, 880.00, NULL),
(1349, 98, 18, 1050.00, NULL),
(1350, 98, 20, 1082.00, NULL),
(1351, 98, 26, 1041.00, NULL),
(1352, 98, 32, 910.00, NULL),
(1353, 98, 36, 590.00, NULL),
(1354, 98, 40, 460.00, NULL),
(1355, 99, 9, 2902.00, NULL),
(1356, 99, 13, 2072.00, NULL),
(1357, 99, 17, 2242.00, NULL),
(1358, 99, 22, 2042.00, NULL),
(1359, 99, 31, 1422.00, NULL),
(1360, 99, 37, 1972.00, NULL),
(1361, 99, 45, 2592.00, NULL),
(1362, 99, 52, 2152.00, NULL),
(1363, 99, 2, -100.00, NULL),
(1364, 99, 7, 30.00, NULL),
(1365, 99, 8, 2292.00, NULL),
(1366, 99, 19, 611.00, NULL),
(1367, 99, 28, 200.00, NULL),
(1368, 99, 30, 260.00, NULL),
(1369, 99, 41, -60.00, NULL),
(1370, 99, 50, 201.00, NULL),
(1371, 100, 5, 360.00, NULL),
(1372, 100, 6, 1492.00, NULL),
(1373, 100, 14, 1592.00, NULL),
(1374, 100, 16, -210.00, NULL),
(1375, 100, 21, -240.00, NULL),
(1376, 100, 34, 1881.00, NULL),
(1377, 100, 38, 1162.00, NULL),
(1378, 100, 54, -80.00, NULL),
(1379, 100, 3, 3461.00, NULL),
(1380, 100, 10, 2862.00, NULL),
(1381, 100, 11, 1872.00, NULL),
(1382, 100, 12, 2052.00, NULL),
(1383, 100, 25, 1642.00, NULL),
(1384, 100, 35, 2282.00, NULL),
(1385, 100, 43, -399.00, NULL),
(1386, 100, 47, 2352.00, NULL),
(1387, 101, 9, 1852.00, NULL),
(1388, 101, 13, 1071.00, NULL),
(1389, 101, 17, 2192.00, NULL),
(1390, 101, 22, 2172.00, NULL),
(1391, 101, 31, 1090.00, NULL),
(1392, 101, 37, 1302.00, NULL),
(1393, 101, 45, 2622.00, NULL),
(1394, 101, 52, 1480.00, NULL),
(1395, 101, 23, 170.00, NULL),
(1396, 101, 24, 862.00, NULL),
(1397, 101, 27, -220.00, NULL),
(1398, 101, 39, -20.00, NULL),
(1399, 101, 44, 701.00, NULL),
(1400, 101, 48, 760.00, NULL),
(1401, 101, 49, 200.00, NULL),
(1402, 101, 53, 630.00, NULL),
(1403, 102, 2, 840.00, NULL),
(1404, 102, 7, 321.00, NULL),
(1405, 102, 8, 1512.00, NULL),
(1406, 102, 19, 1182.00, NULL),
(1407, 102, 28, -20.00, NULL),
(1408, 102, 30, 251.00, NULL),
(1409, 102, 41, 1020.00, NULL),
(1410, 102, 50, 372.00, NULL),
(1411, 102, 1, 2882.00, NULL),
(1412, 102, 4, 2200.00, NULL),
(1413, 102, 18, 1462.00, NULL),
(1414, 102, 20, 2782.00, NULL),
(1415, 102, 26, 1032.00, NULL),
(1416, 102, 32, 1592.00, NULL),
(1417, 102, 36, 1542.00, NULL),
(1418, 102, 40, 1862.00, NULL),
(1419, 103, 9, 1402.00, NULL),
(1420, 103, 13, 2031.00, NULL),
(1421, 103, 17, 2092.00, NULL),
(1422, 103, 22, 1341.00, NULL),
(1423, 103, 31, 1821.00, NULL),
(1424, 103, 37, 1562.00, NULL),
(1425, 103, 45, 1500.00, NULL),
(1426, 103, 52, 2812.00, NULL),
(1427, 103, 5, 180.00, NULL),
(1428, 103, 6, 280.00, NULL),
(1429, 103, 14, 652.00, NULL),
(1430, 103, 16, -70.00, NULL),
(1431, 103, 21, 1320.00, NULL),
(1432, 103, 34, 2032.00, NULL),
(1433, 103, 38, -9.00, NULL),
(1434, 103, 54, 540.00, NULL),
(1435, 104, 2, 70.00, NULL),
(1436, 104, 7, 410.00, NULL),
(1437, 104, 8, 1762.00, NULL),
(1438, 104, 19, -40.00, NULL),
(1439, 104, 28, 220.00, NULL),
(1440, 104, 30, 990.00, NULL),
(1441, 104, 41, 310.00, NULL),
(1442, 104, 50, 430.00, NULL),
(1443, 104, 3, 2501.00, NULL),
(1444, 104, 10, 1292.00, NULL),
(1445, 104, 11, 1081.00, NULL),
(1446, 104, 12, 1771.00, NULL),
(1447, 104, 25, 440.00, NULL),
(1448, 104, 35, 2192.00, NULL),
(1449, 104, 43, 20.00, NULL),
(1450, 104, 47, 1992.00, NULL),
(1451, 105, 1, 1362.00, NULL),
(1452, 105, 4, 700.00, NULL),
(1453, 105, 18, 1180.00, NULL),
(1454, 105, 20, 2232.00, NULL),
(1455, 105, 26, 1772.00, NULL),
(1456, 105, 32, 2942.00, NULL),
(1457, 105, 36, 1772.00, NULL),
(1458, 105, 40, 730.00, NULL),
(1459, 105, 23, -70.00, NULL),
(1460, 105, 24, 1052.00, NULL),
(1461, 105, 27, -730.00, NULL),
(1462, 105, 39, 730.00, NULL),
(1463, 105, 44, -510.00, NULL),
(1464, 105, 48, 20.00, NULL),
(1465, 105, 49, -40.00, NULL),
(1466, 105, 53, 40.00, NULL),
(1467, 106, 7, 967.00, NULL),
(1468, 106, 8, -1099.00, NULL),
(1469, 106, 56, 2545.00, NULL),
(1470, 106, 57, 1318.00, NULL),
(1471, 106, 28, 1804.00, NULL),
(1472, 106, 35, -571.00, NULL),
(1473, 106, 58, -682.00, NULL),
(1474, 106, 59, -1780.00, NULL),
(1475, 106, 9, 7955.00, NULL),
(1476, 106, 60, 14392.00, NULL),
(1477, 106, 17, 8204.00, NULL),
(1478, 106, 61, 5792.00, NULL),
(1479, 106, 62, 6929.00, NULL),
(1480, 106, 63, 6028.00, NULL),
(1481, 106, 64, 10554.00, NULL),
(1482, 106, 65, 8117.00, NULL),
(1483, 107, 13, 1965.00, NULL),
(1484, 107, 66, 2965.00, NULL),
(1485, 107, 67, 1577.00, NULL),
(1486, 107, 68, 2804.00, NULL),
(1487, 107, 69, 3291.00, NULL),
(1488, 107, 70, 1189.00, NULL),
(1489, 107, 71, 3764.00, NULL),
(1490, 107, 72, 3677.00, NULL),
(1491, 107, 73, 3190.00, NULL),
(1492, 107, 74, 2065.00, NULL),
(1493, 107, 10, 6692.00, NULL),
(1494, 107, 75, 4680.00, NULL),
(1495, 107, 24, 205.00, NULL),
(1496, 107, 76, 2693.00, NULL),
(1497, 107, 77, 2146.00, NULL),
(1498, 107, 53, 1488.00, NULL),
(1499, 108, 3, 8700.00, NULL),
(1500, 108, 4, 11189.00, NULL),
(1501, 108, 78, 5769.00, NULL),
(1502, 108, 18, 5078.00, NULL),
(1503, 108, 20, 5945.00, NULL),
(1504, 108, 26, 6252.00, NULL),
(1505, 108, 79, 8969.00, NULL),
(1506, 108, 36, 4946.00, NULL),
(1507, 108, 80, 1253.00, NULL),
(1508, 108, 12, 6442.00, NULL),
(1509, 108, 81, 956.00, NULL),
(1510, 108, 25, 2104.00, NULL),
(1511, 108, 82, 854.00, NULL),
(1512, 108, 32, 6390.00, NULL),
(1513, 108, 47, 1281.00, NULL),
(1514, 108, 83, 3894.00, NULL),
(1515, 109, 73, 990.00, NULL),
(1516, 109, 74, 3127.00, NULL),
(1517, 109, 10, 8180.00, NULL),
(1518, 109, 75, 6138.00, NULL),
(1519, 109, 24, 3015.00, NULL),
(1520, 109, 76, 2793.00, NULL),
(1521, 109, 77, 920.00, NULL),
(1522, 109, 53, 6353.00, NULL),
(1523, 109, 7, 1852.00, NULL),
(1524, 109, 8, 2280.00, NULL),
(1525, 109, 56, 1242.00, NULL),
(1526, 109, 57, 1378.00, NULL),
(1527, 109, 28, 6068.00, NULL),
(1528, 109, 35, 7392.00, NULL),
(1529, 109, 58, 4115.00, NULL),
(1530, 109, 59, 753.00, NULL),
(1531, 110, 9, 6329.00, NULL),
(1532, 110, 60, 9738.00, NULL),
(1533, 110, 17, 7792.00, NULL),
(1534, 110, 61, 2980.00, NULL),
(1535, 110, 62, 6344.00, NULL),
(1536, 110, 63, 5540.00, NULL),
(1537, 110, 64, 8163.00, NULL),
(1538, 110, 65, 6814.00, NULL),
(1539, 110, 80, 3829.00, NULL),
(1540, 110, 12, 6554.00, NULL),
(1541, 110, 81, 6342.00, NULL),
(1542, 110, 25, 1969.00, NULL),
(1543, 110, 82, -861.00, NULL),
(1544, 110, 32, 9740.00, NULL),
(1545, 110, 47, 7593.00, NULL),
(1546, 110, 83, 1207.00, NULL),
(1547, 111, 13, 816.00, NULL),
(1548, 111, 66, 1752.00, NULL),
(1549, 111, 67, 879.00, NULL),
(1550, 111, 68, 4618.00, NULL),
(1551, 111, 69, 4004.00, NULL),
(1552, 111, 70, 416.00, NULL),
(1553, 111, 71, 941.00, NULL),
(1554, 111, 72, 2244.00, NULL),
(1555, 111, 3, 13153.00, NULL),
(1556, 111, 4, 8978.00, NULL),
(1557, 111, 78, 6207.00, NULL),
(1558, 111, 18, 7677.00, NULL),
(1559, 111, 20, 10228.00, NULL),
(1560, 111, 26, 5489.00, NULL),
(1561, 111, 79, 9269.00, NULL),
(1562, 111, 36, 3266.00, NULL),
(1563, 112, 7, 529.00, NULL),
(1564, 112, 8, 3230.00, NULL),
(1565, 112, 56, 1104.00, NULL),
(1566, 112, 57, 1089.00, NULL),
(1567, 112, 28, 4827.00, NULL),
(1568, 112, 35, 5467.00, NULL),
(1569, 112, 58, -24.00, NULL),
(1570, 112, 59, 542.00, NULL),
(1571, 112, 80, 9153.00, NULL),
(1572, 112, 12, 8666.00, NULL),
(1573, 112, 81, 11279.00, NULL),
(1574, 112, 25, 7078.00, NULL),
(1575, 112, 32, 8265.00, NULL),
(1576, 112, 84, 6451.00, NULL),
(1577, 112, 47, 9001.00, NULL),
(1578, 112, 83, 6558.00, NULL),
(1579, 113, 73, 2766.00, NULL),
(1580, 113, 74, 1338.00, NULL),
(1581, 113, 10, 6978.00, NULL),
(1582, 113, 75, 6340.00, NULL),
(1583, 113, 24, 3064.00, NULL),
(1584, 113, 76, 8926.00, NULL),
(1585, 113, 77, 1753.00, NULL),
(1586, 113, 53, 4704.00, NULL),
(1587, 113, 3, 9694.00, NULL),
(1588, 113, 4, 6579.00, NULL),
(1589, 113, 78, 4979.00, NULL),
(1590, 113, 18, 6804.00, NULL),
(1591, 113, 20, 6855.00, NULL),
(1592, 113, 26, 5465.00, NULL),
(1593, 113, 79, 5493.00, NULL),
(1594, 113, 36, 6290.00, NULL),
(1595, 114, 9, 8689.00, NULL),
(1596, 114, 60, 14600.00, NULL),
(1597, 114, 17, 8552.00, NULL),
(1598, 114, 61, 5990.00, NULL),
(1599, 114, 62, 8154.00, NULL),
(1600, 114, 63, 7376.00, NULL),
(1601, 114, 64, 10329.00, NULL),
(1602, 114, 65, 9139.00, NULL),
(1603, 114, 13, 2591.00, NULL),
(1604, 114, 66, 3041.00, NULL),
(1605, 114, 67, -2031.00, NULL),
(1606, 114, 68, 4280.00, NULL),
(1607, 114, 69, -823.00, NULL),
(1608, 114, 70, -1747.00, NULL),
(1609, 114, 71, 1458.00, NULL),
(1610, 114, 72, 1556.00, NULL),
(1611, 115, 3, 10928.00, NULL),
(1612, 115, 4, 7764.00, NULL),
(1613, 115, 78, 6156.00, NULL),
(1614, 115, 18, 5979.00, NULL),
(1615, 115, 20, 5104.00, NULL),
(1616, 115, 26, 6326.00, NULL),
(1617, 115, 79, 6265.00, NULL),
(1618, 115, 36, 8139.00, NULL),
(1619, 115, 7, 4067.00, NULL),
(1620, 115, 8, 1293.00, NULL),
(1621, 115, 56, 3342.00, NULL),
(1622, 115, 57, 203.00, NULL),
(1623, 115, 28, 6364.00, NULL),
(1624, 115, 35, 3192.00, NULL),
(1625, 115, 58, 790.00, NULL),
(1626, 115, 59, 1359.00, NULL),
(1627, 116, 12, 4639.00, NULL),
(1628, 116, 81, 6692.00, NULL),
(1629, 116, 25, 5690.00, NULL),
(1630, 116, 82, 4676.00, NULL),
(1631, 116, 32, 8764.00, NULL),
(1632, 116, 84, 6442.00, NULL),
(1633, 116, 47, 9077.00, NULL),
(1634, 116, 83, 5480.00, NULL),
(1635, 116, 13, 439.00, NULL),
(1636, 116, 66, 3766.00, NULL),
(1637, 116, 67, 4239.00, NULL),
(1638, 116, 68, 7819.00, NULL),
(1639, 116, 69, 4077.00, NULL),
(1640, 116, 70, 3115.00, NULL),
(1641, 116, 71, 1614.00, NULL),
(1642, 116, 72, 3441.00, NULL),
(1643, 117, 73, 2166.00, NULL),
(1644, 117, 74, 2581.00, NULL),
(1645, 117, 10, 7004.00, NULL),
(1646, 117, 75, 3714.00, NULL),
(1647, 117, 24, 2801.00, NULL),
(1648, 117, 76, 3709.00, NULL),
(1649, 117, 77, 1014.00, NULL),
(1650, 117, 53, 5116.00, NULL),
(1651, 117, 9, 6241.00, NULL),
(1652, 117, 60, 10716.00, NULL),
(1653, 117, 17, 8341.00, NULL),
(1654, 117, 61, 3191.00, NULL),
(1655, 117, 62, 5292.00, NULL),
(1656, 117, 63, 5601.00, NULL),
(1657, 117, 64, 7264.00, NULL),
(1658, 117, 65, 8056.00, NULL),
(1659, 118, 7, -998.00, NULL),
(1660, 118, 8, -1887.00, NULL),
(1661, 118, 56, 3270.00, NULL),
(1662, 118, 57, 3515.00, NULL),
(1663, 118, 28, 6251.00, NULL),
(1664, 118, 35, 6727.00, NULL),
(1665, 118, 58, 4065.00, NULL),
(1666, 118, 59, 5152.00, NULL),
(1667, 118, 13, 3879.00, NULL),
(1668, 118, 66, 6979.00, NULL),
(1669, 118, 67, 4229.00, NULL),
(1670, 118, 68, 8046.00, NULL),
(1671, 118, 69, 5619.00, NULL),
(1672, 118, 70, 4051.00, NULL),
(1673, 118, 71, 6179.00, NULL),
(1674, 118, 72, 7608.00, NULL),
(1675, 119, 3, 7077.00, NULL),
(1676, 119, 4, 5154.00, NULL),
(1677, 119, 78, 6442.00, NULL),
(1678, 119, 18, 4192.00, NULL),
(1679, 119, 20, 4620.00, NULL),
(1680, 119, 26, 2202.00, NULL),
(1681, 119, 79, 3481.00, NULL),
(1682, 119, 36, 6291.00, NULL),
(1683, 119, 9, 5701.00, NULL),
(1684, 119, 60, 10140.00, NULL),
(1685, 119, 17, 7191.00, NULL),
(1686, 119, 61, 7215.00, NULL),
(1687, 119, 62, 2842.00, NULL),
(1688, 119, 63, 7305.00, NULL),
(1689, 119, 64, 3414.00, NULL),
(1690, 119, 65, 6877.00, NULL),
(1691, 120, 80, 1403.00, NULL),
(1692, 120, 12, 9328.00, NULL),
(1693, 120, 81, 7115.00, NULL),
(1694, 120, 25, 3480.00, NULL),
(1695, 120, 32, 6890.00, NULL),
(1696, 120, 84, 7353.00, NULL),
(1697, 120, 47, 6902.00, NULL),
(1698, 120, 83, 1655.00, NULL),
(1699, 120, 73, 1.00, NULL),
(1700, 120, 74, 2740.00, NULL),
(1701, 120, 10, 5542.00, NULL),
(1702, 120, 75, -82.00, NULL),
(1703, 120, 24, 2990.00, NULL),
(1704, 120, 76, 3365.00, NULL),
(1705, 120, 77, 2892.00, NULL),
(1706, 120, 53, 4577.00, NULL),
(1707, 121, 13, 0.00, NULL),
(1708, 121, 66, 0.00, NULL),
(1709, 121, 67, 0.00, NULL),
(1710, 121, 68, 0.00, NULL),
(1711, 121, 69, 0.00, NULL),
(1712, 121, 70, 0.00, NULL),
(1713, 121, 71, 0.00, NULL),
(1714, 121, 72, 0.00, NULL),
(1715, 121, 7, 0.00, NULL),
(1716, 121, 8, 0.00, NULL),
(1717, 121, 56, 0.00, NULL),
(1718, 121, 57, 0.00, NULL),
(1719, 121, 28, 0.00, NULL),
(1720, 121, 35, 0.00, NULL),
(1721, 121, 58, 0.00, NULL),
(1722, 121, 59, 0.00, NULL),
(1723, 122, 3, 0.00, NULL),
(1724, 122, 4, 0.00, NULL),
(1725, 122, 78, 0.00, NULL),
(1726, 122, 18, 0.00, NULL),
(1727, 122, 20, 0.00, NULL),
(1728, 122, 26, 0.00, NULL),
(1729, 122, 79, 0.00, NULL),
(1730, 122, 36, 0.00, NULL),
(1731, 122, 9, 0.00, NULL),
(1732, 122, 60, 0.00, NULL),
(1733, 122, 17, 0.00, NULL),
(1734, 122, 61, 0.00, NULL),
(1735, 122, 62, 0.00, NULL),
(1736, 122, 63, 0.00, NULL),
(1737, 122, 64, 0.00, NULL),
(1738, 122, 65, 0.00, NULL),
(1739, 123, 80, 0.00, NULL),
(1740, 123, 12, 0.00, NULL),
(1741, 123, 81, 0.00, NULL),
(1742, 123, 25, 0.00, NULL),
(1743, 123, 82, 0.00, NULL),
(1744, 123, 32, 0.00, NULL),
(1745, 123, 84, 0.00, NULL),
(1746, 123, 47, 0.00, NULL),
(1747, 123, 83, 0.00, NULL),
(1748, 123, 73, 0.00, NULL),
(1749, 123, 74, 0.00, NULL),
(1750, 123, 10, 0.00, NULL),
(1751, 123, 75, 0.00, NULL),
(1752, 123, 24, 0.00, NULL),
(1753, 123, 76, 0.00, NULL),
(1754, 123, 77, 0.00, NULL),
(1755, 123, 53, 0.00, NULL),
(1756, 124, 9, 0.00, NULL),
(1757, 124, 60, 0.00, NULL),
(1758, 124, 17, 0.00, NULL),
(1759, 124, 61, 0.00, NULL),
(1760, 124, 62, 0.00, NULL),
(1761, 124, 63, 0.00, NULL),
(1762, 124, 64, 0.00, NULL),
(1763, 124, 65, 0.00, NULL),
(1764, 124, 13, 0.00, NULL),
(1765, 124, 66, 0.00, NULL),
(1766, 124, 67, 0.00, NULL),
(1767, 124, 68, 0.00, NULL),
(1768, 124, 69, 0.00, NULL),
(1769, 124, 70, 0.00, NULL),
(1770, 124, 71, 0.00, NULL),
(1771, 124, 72, 0.00, NULL),
(1772, 125, 7, 0.00, NULL),
(1773, 125, 8, 0.00, NULL),
(1774, 125, 56, 0.00, NULL),
(1775, 125, 57, 0.00, NULL),
(1776, 125, 28, 0.00, NULL),
(1777, 125, 35, 0.00, NULL),
(1778, 125, 58, 0.00, NULL),
(1779, 125, 59, 0.00, NULL),
(1780, 125, 73, 0.00, NULL),
(1781, 125, 74, 0.00, NULL),
(1782, 125, 10, 0.00, NULL),
(1783, 125, 75, 0.00, NULL),
(1784, 125, 24, 0.00, NULL),
(1785, 125, 76, 0.00, NULL),
(1786, 125, 77, 0.00, NULL),
(1787, 125, 53, 0.00, NULL),
(1788, 126, 3, 0.00, NULL),
(1789, 126, 4, 0.00, NULL),
(1790, 126, 78, 0.00, NULL),
(1791, 126, 18, 0.00, NULL),
(1792, 126, 20, 0.00, NULL),
(1793, 126, 26, 0.00, NULL),
(1794, 126, 79, 0.00, NULL),
(1795, 126, 36, 0.00, NULL),
(1796, 126, 80, 0.00, NULL),
(1797, 126, 12, 0.00, NULL),
(1798, 126, 81, 0.00, NULL),
(1799, 126, 25, 0.00, NULL),
(1800, 126, 82, 0.00, NULL),
(1801, 126, 32, 0.00, NULL),
(1802, 126, 84, 0.00, NULL),
(1803, 126, 47, 0.00, NULL),
(1804, 126, 83, 0.00, NULL),
(1805, 127, 13, 0.00, NULL),
(1806, 127, 66, 0.00, NULL),
(1807, 127, 67, 0.00, NULL),
(1808, 127, 68, 0.00, NULL),
(1809, 127, 69, 0.00, NULL),
(1810, 127, 70, 0.00, NULL),
(1811, 127, 71, 0.00, NULL),
(1812, 127, 72, 0.00, NULL),
(1813, 127, 73, 0.00, NULL),
(1814, 127, 74, 0.00, NULL),
(1815, 127, 10, 0.00, NULL),
(1816, 127, 75, 0.00, NULL),
(1817, 127, 24, 0.00, NULL),
(1818, 127, 76, 0.00, NULL),
(1819, 127, 77, 0.00, NULL),
(1820, 127, 53, 0.00, NULL),
(1821, 128, 9, 0.00, NULL),
(1822, 128, 60, 0.00, NULL),
(1823, 128, 17, 0.00, NULL),
(1824, 128, 61, 0.00, NULL),
(1825, 128, 62, 0.00, NULL),
(1826, 128, 63, 0.00, NULL),
(1827, 128, 64, 0.00, NULL),
(1828, 128, 65, 0.00, NULL),
(1829, 128, 80, 0.00, NULL),
(1830, 128, 12, 0.00, NULL),
(1831, 128, 81, 0.00, NULL),
(1832, 128, 25, 0.00, NULL),
(1833, 128, 82, 0.00, NULL),
(1834, 128, 32, 0.00, NULL),
(1835, 128, 84, 0.00, NULL),
(1836, 128, 47, 0.00, NULL),
(1837, 128, 83, 0.00, NULL),
(1838, 129, 7, 0.00, NULL),
(1839, 129, 8, 0.00, NULL),
(1840, 129, 56, 0.00, NULL),
(1841, 129, 57, 0.00, NULL),
(1842, 129, 28, 0.00, NULL),
(1843, 129, 35, 0.00, NULL),
(1844, 129, 58, 0.00, NULL),
(1845, 129, 59, 0.00, NULL),
(1846, 129, 3, 0.00, NULL),
(1847, 129, 4, 0.00, NULL),
(1848, 129, 78, 0.00, NULL),
(1849, 129, 18, 0.00, NULL),
(1850, 129, 20, 0.00, NULL),
(1851, 129, 26, 0.00, NULL),
(1852, 129, 79, 0.00, NULL),
(1853, 129, 36, 0.00, NULL),
(1854, 130, 80, 0.00, NULL),
(1855, 130, 12, 0.00, NULL),
(1856, 130, 81, 0.00, NULL),
(1857, 130, 25, 0.00, NULL),
(1858, 130, 82, 0.00, NULL),
(1859, 130, 32, 0.00, NULL),
(1860, 130, 84, 0.00, NULL),
(1861, 130, 47, 0.00, NULL),
(1862, 130, 83, 0.00, NULL),
(1863, 130, 13, 0.00, NULL),
(1864, 130, 66, 0.00, NULL),
(1865, 130, 67, 0.00, NULL),
(1866, 130, 68, 0.00, NULL),
(1867, 130, 69, 0.00, NULL),
(1868, 130, 70, 0.00, NULL),
(1869, 130, 71, 0.00, NULL),
(1870, 130, 72, 0.00, NULL),
(1871, 131, 73, 0.00, NULL),
(1872, 131, 74, 0.00, NULL),
(1873, 131, 10, 0.00, NULL),
(1874, 131, 75, 0.00, NULL),
(1875, 131, 24, 0.00, NULL),
(1876, 131, 76, 0.00, NULL),
(1877, 131, 77, 0.00, NULL),
(1878, 131, 53, 0.00, NULL),
(1879, 131, 3, 0.00, NULL),
(1880, 131, 4, 0.00, NULL),
(1881, 131, 78, 0.00, NULL),
(1882, 131, 18, 0.00, NULL),
(1883, 131, 20, 0.00, NULL),
(1884, 131, 26, 0.00, NULL),
(1885, 131, 79, 0.00, NULL),
(1886, 131, 36, 0.00, NULL),
(1887, 132, 9, 0.00, NULL),
(1888, 132, 60, 0.00, NULL),
(1889, 132, 17, 0.00, NULL),
(1890, 132, 61, 0.00, NULL),
(1891, 132, 62, 0.00, NULL),
(1892, 132, 63, 0.00, NULL),
(1893, 132, 64, 0.00, NULL),
(1894, 132, 65, 0.00, NULL),
(1895, 132, 7, 0.00, NULL),
(1896, 132, 8, 0.00, NULL),
(1897, 132, 56, 0.00, NULL),
(1898, 132, 57, 0.00, NULL),
(1899, 132, 28, 0.00, NULL),
(1900, 132, 35, 0.00, NULL),
(1901, 132, 58, 0.00, NULL),
(1902, 132, 59, 0.00, NULL),
(1903, 133, 13, 0.00, NULL),
(1904, 133, 66, 0.00, NULL),
(1905, 133, 67, 0.00, NULL),
(1906, 133, 68, 0.00, NULL),
(1907, 133, 69, 0.00, NULL),
(1908, 133, 70, 0.00, NULL),
(1909, 133, 71, 0.00, NULL),
(1910, 133, 72, 0.00, NULL),
(1911, 133, 3, 0.00, NULL),
(1912, 133, 4, 0.00, NULL),
(1913, 133, 78, 0.00, NULL),
(1914, 133, 18, 0.00, NULL),
(1915, 133, 20, 0.00, NULL),
(1916, 133, 26, 0.00, NULL),
(1917, 133, 79, 0.00, NULL),
(1918, 133, 36, 0.00, NULL),
(1919, 134, 80, 0.00, NULL),
(1920, 134, 12, 0.00, NULL),
(1921, 134, 81, 0.00, NULL),
(1922, 134, 25, 0.00, NULL),
(1923, 134, 82, 0.00, NULL),
(1924, 134, 32, 0.00, NULL),
(1925, 134, 84, 0.00, NULL),
(1926, 134, 47, 0.00, NULL),
(1927, 134, 83, 0.00, NULL),
(1928, 134, 7, 0.00, NULL),
(1929, 134, 8, 0.00, NULL),
(1930, 134, 56, 0.00, NULL),
(1931, 134, 57, 0.00, NULL),
(1932, 134, 28, 0.00, NULL),
(1933, 134, 35, 0.00, NULL),
(1934, 134, 58, 0.00, NULL),
(1935, 134, 59, 0.00, NULL),
(1936, 135, 73, 0.00, NULL),
(1937, 135, 74, 0.00, NULL),
(1938, 135, 10, 0.00, NULL),
(1939, 135, 75, 0.00, NULL),
(1940, 135, 24, 0.00, NULL),
(1941, 135, 76, 0.00, NULL),
(1942, 135, 77, 0.00, NULL),
(1943, 135, 53, 0.00, NULL),
(1944, 135, 9, 0.00, NULL),
(1945, 135, 60, 0.00, NULL),
(1946, 135, 17, 0.00, NULL),
(1947, 135, 61, 0.00, NULL),
(1948, 135, 62, 0.00, NULL),
(1949, 135, 63, 0.00, NULL),
(1950, 135, 64, 0.00, NULL),
(1951, 135, 65, 0.00, NULL),
(1952, 136, 7, -48.00, NULL),
(1953, 136, 8, 918.00, NULL),
(1954, 136, 56, 152.00, NULL),
(1955, 136, 57, -175.00, NULL),
(1956, 136, 28, 160.00, NULL),
(1957, 136, 35, 1187.00, NULL),
(1958, 136, 58, -217.00, NULL),
(1959, 136, 59, -29.00, NULL),
(1960, 136, 9, 363.00, NULL),
(1961, 136, 60, 2346.00, NULL),
(1962, 136, 17, 1335.00, NULL),
(1963, 136, 61, 75.00, NULL),
(1964, 136, 62, 481.00, NULL),
(1965, 136, 63, 2141.00, NULL),
(1966, 136, 64, 1041.00, NULL),
(1967, 136, 65, 1254.00, NULL),
(1968, 137, 13, 325.00, NULL),
(1969, 137, 66, 604.00, NULL),
(1970, 137, 67, 1348.00, NULL),
(1971, 137, 68, 108.00, NULL),
(1972, 137, 69, 1134.00, NULL),
(1973, 137, 70, 316.00, NULL),
(1974, 137, 71, 556.00, NULL),
(1975, 137, 72, 614.00, NULL),
(1976, 137, 73, -174.00, NULL),
(1977, 137, 74, 207.00, NULL),
(1978, 137, 10, 677.00, NULL),
(1979, 137, 75, 2468.00, NULL),
(1980, 137, 24, 260.00, NULL),
(1981, 137, 76, 781.00, NULL),
(1982, 137, 77, -117.00, NULL),
(1983, 137, 53, 523.00, NULL),
(1984, 138, 3, 1090.00, NULL),
(1985, 138, 4, 1983.00, NULL),
(1986, 138, 78, 308.00, NULL),
(1987, 138, 18, 766.00, NULL),
(1988, 138, 20, 475.00, NULL),
(1989, 138, 26, -146.00, NULL),
(1990, 138, 79, 428.00, NULL),
(1991, 138, 36, 853.00, NULL),
(1992, 138, 80, 418.00, NULL),
(1993, 138, 12, 839.00, NULL),
(1994, 138, 81, -65.00, NULL),
(1995, 138, 25, 1165.00, NULL),
(1996, 138, 82, 31.00, NULL),
(1997, 138, 32, 1219.00, NULL),
(1998, 138, 84, 181.00, NULL),
(1999, 138, 47, 1242.00, NULL),
(2000, 139, 73, 379.00, NULL),
(2001, 139, 74, 305.00, NULL),
(2002, 139, 10, 863.00, NULL),
(2003, 139, 75, 2031.00, NULL),
(2004, 139, 24, 1439.00, NULL),
(2005, 139, 76, 502.00, NULL),
(2006, 139, 77, 20.00, NULL),
(2007, 139, 53, 449.00, NULL),
(2008, 139, 7, 325.00, NULL),
(2009, 139, 8, 1368.00, NULL),
(2010, 139, 56, 143.00, NULL),
(2011, 139, 57, 153.00, NULL),
(2012, 139, 28, 421.00, NULL),
(2013, 139, 35, 1112.00, NULL),
(2014, 139, 58, 317.00, NULL),
(2015, 139, 59, 257.00, NULL),
(2016, 140, 9, 937.00, NULL),
(2017, 140, 60, 1932.00, NULL),
(2018, 140, 17, 710.00, NULL),
(2019, 140, 61, 550.00, NULL),
(2020, 140, 62, 1255.00, NULL),
(2021, 140, 63, 627.00, NULL),
(2022, 140, 64, 1021.00, NULL),
(2023, 140, 65, 477.00, NULL),
(2024, 140, 80, 127.00, NULL),
(2025, 140, 12, 963.00, NULL),
(2026, 140, 81, -123.00, NULL),
(2027, 140, 25, 214.00, NULL),
(2028, 140, 82, -39.00, NULL),
(2029, 140, 32, 310.00, NULL),
(2030, 140, 47, 805.00, NULL),
(2031, 140, 83, -216.00, NULL),
(2032, 141, 13, -233.00, NULL),
(2033, 141, 66, 1834.00, NULL),
(2034, 141, 67, 572.00, NULL),
(2035, 141, 68, 16.00, NULL),
(2036, 141, 69, 799.00, NULL),
(2037, 141, 70, -126.00, NULL),
(2038, 141, 71, 1.00, NULL),
(2039, 141, 72, 196.00, NULL),
(2040, 141, 3, 938.00, NULL),
(2041, 141, 4, 3048.00, NULL),
(2042, 141, 78, 599.00, NULL),
(2043, 141, 18, 90.00, NULL),
(2044, 141, 20, 2041.00, NULL),
(2045, 141, 26, -138.00, NULL),
(2046, 141, 79, 1895.00, NULL),
(2047, 141, 36, 819.00, NULL),
(2048, 142, 7, 1207.00, NULL),
(2049, 142, 8, 406.00, NULL),
(2050, 142, 56, 118.00, NULL),
(2051, 142, 57, 307.00, NULL),
(2052, 142, 28, 428.00, NULL),
(2053, 142, 35, 462.00, NULL),
(2054, 142, 58, 368.00, NULL),
(2055, 142, 59, 84.00, NULL),
(2056, 142, 80, 199.00, NULL),
(2057, 142, 12, 2064.00, NULL),
(2058, 142, 81, 104.00, NULL),
(2059, 142, 25, 1155.00, NULL),
(2060, 142, 82, 577.00, NULL),
(2061, 142, 32, 1639.00, NULL),
(2062, 142, 84, 594.00, NULL),
(2063, 142, 47, 954.00, NULL),
(2064, 143, 73, 319.00, NULL),
(2065, 143, 74, 736.00, NULL),
(2066, 143, 10, 736.00, NULL),
(2067, 143, 75, 385.00, NULL),
(2068, 143, 24, 180.00, NULL),
(2069, 143, 76, 664.00, NULL),
(2070, 143, 77, 280.00, NULL),
(2071, 143, 53, 102.00, NULL),
(2072, 143, 3, 1197.00, NULL),
(2073, 143, 4, 1555.00, NULL),
(2074, 143, 78, 697.00, NULL),
(2075, 143, 18, 367.00, NULL),
(2076, 143, 20, 405.00, NULL),
(2077, 143, 26, 462.00, NULL),
(2078, 143, 79, 1656.00, NULL),
(2079, 143, 36, 1084.00, NULL),
(2080, 144, 9, 593.00, NULL),
(2081, 144, 60, 1166.00, NULL),
(2082, 144, 17, 911.00, NULL),
(2083, 144, 61, 621.00, NULL),
(2084, 144, 62, 1667.00, NULL),
(2085, 144, 63, 782.00, NULL),
(2086, 144, 64, 1995.00, NULL),
(2087, 144, 65, 1185.00, NULL),
(2088, 144, 13, -38.00, NULL),
(2089, 144, 66, -179.00, NULL),
(2090, 144, 67, 1642.00, NULL),
(2091, 144, 68, 88.00, NULL),
(2092, 144, 69, 583.00, NULL),
(2093, 144, 70, 350.00, NULL),
(2094, 144, 71, 371.00, NULL),
(2095, 144, 72, 235.00, NULL),
(2096, 145, 3, 2461.00, NULL),
(2097, 145, 4, 2248.00, NULL),
(2098, 145, 78, 866.00, NULL),
(2099, 145, 18, 352.00, NULL),
(2100, 145, 20, 572.00, NULL),
(2101, 145, 26, 391.00, NULL),
(2102, 145, 79, 1875.00, NULL),
(2103, 145, 36, 1457.00, NULL),
(2104, 145, 7, 122.00, NULL),
(2105, 145, 8, 828.00, NULL),
(2106, 145, 56, 319.00, NULL),
(2107, 145, 57, 349.00, NULL),
(2108, 145, 28, 658.00, NULL),
(2109, 145, 35, 83.00, NULL),
(2110, 145, 58, -117.00, NULL),
(2111, 145, 59, 385.00, NULL),
(2112, 146, 80, 316.00, NULL),
(2113, 146, 12, 1298.00, NULL),
(2114, 146, 81, 74.00, NULL),
(2115, 146, 25, 721.00, NULL),
(2116, 146, 82, 434.00, NULL),
(2117, 146, 32, 2440.00, NULL),
(2118, 146, 84, -15.00, NULL),
(2119, 146, 47, 1844.00, NULL),
(2120, 146, 13, -10.00, NULL),
(2121, 146, 66, 486.00, NULL),
(2122, 146, 67, 1225.00, NULL),
(2123, 146, 68, 187.00, NULL),
(2124, 146, 69, 2204.00, NULL),
(2125, 146, 70, 250.00, NULL),
(2126, 146, 71, 678.00, NULL),
(2127, 146, 72, 577.00, NULL),
(2128, 147, 73, 53.00, NULL),
(2129, 147, 74, 33.00, NULL),
(2130, 147, 10, -33.00, NULL),
(2131, 147, 75, -72.00, NULL),
(2132, 147, 24, 74.00, NULL),
(2133, 147, 76, 74.00, NULL),
(2134, 147, 77, 157.00, NULL),
(2135, 147, 53, 109.00, NULL),
(2136, 147, 9, 1058.00, NULL),
(2137, 147, 60, 2964.00, NULL),
(2138, 147, 17, 2575.00, NULL),
(2139, 147, 61, 745.00, NULL),
(2140, 147, 62, 1590.00, NULL),
(2141, 147, 63, 1805.00, NULL),
(2142, 147, 64, 2591.00, NULL),
(2143, 147, 65, 367.00, NULL),
(2144, 148, 7, 115.00, NULL),
(2145, 148, 8, 239.00, NULL),
(2146, 148, 56, 10.00, NULL),
(2147, 148, 57, 877.00, NULL),
(2148, 148, 28, 792.00, NULL),
(2149, 148, 35, 2233.00, NULL),
(2150, 148, 58, 415.00, NULL),
(2151, 148, 59, 693.00, NULL),
(2152, 148, 13, 322.00, NULL),
(2153, 148, 66, 968.00, NULL),
(2154, 148, 67, 1122.00, NULL),
(2155, 148, 68, 455.00, NULL),
(2156, 148, 69, 1819.00, NULL),
(2157, 148, 70, 145.00, NULL),
(2158, 148, 71, 593.00, NULL),
(2159, 148, 72, 676.00, NULL),
(2160, 149, 3, 493.00, NULL),
(2161, 149, 4, 1075.00, NULL),
(2162, 149, 78, 243.00, NULL),
(2163, 149, 18, 377.00, NULL),
(2164, 149, 20, 1187.00, NULL),
(2165, 149, 26, 430.00, NULL),
(2166, 149, 79, 1177.00, NULL),
(2167, 149, 36, 195.00, NULL),
(2168, 149, 9, 43.00, NULL),
(2169, 149, 60, 1080.00, NULL),
(2170, 149, 17, 535.00, NULL),
(2171, 149, 61, 441.00, NULL),
(2172, 149, 62, 374.00, NULL),
(2173, 149, 63, 997.00, NULL),
(2174, 149, 64, 1085.00, NULL),
(2175, 149, 65, 120.00, NULL),
(2176, 150, 80, 388.00, NULL),
(2177, 150, 12, 2380.00, NULL),
(2178, 150, 25, 1423.00, NULL),
(2179, 150, 82, 540.00, NULL),
(2180, 150, 32, 2056.00, NULL),
(2181, 150, 84, 181.00, NULL),
(2182, 150, 47, 858.00, NULL),
(2183, 150, 83, -150.00, NULL),
(2184, 150, 73, -143.00, NULL),
(2185, 150, 74, 302.00, NULL),
(2186, 150, 10, 739.00, NULL),
(2187, 150, 75, 510.00, NULL),
(2188, 150, 24, 288.00, NULL),
(2189, 150, 76, 658.00, NULL),
(2190, 150, 77, 700.00, NULL),
(2191, 150, 53, 369.00, NULL),
(2192, 151, 7, 197.00, NULL),
(2193, 151, 8, 407.00, NULL),
(2194, 151, 56, 324.00, NULL),
(2195, 151, 57, 82.00, NULL),
(2196, 151, 28, 322.00, NULL),
(2197, 151, 35, 217.00, NULL),
(2198, 151, 58, 143.00, NULL),
(2199, 151, 59, 201.00, NULL),
(2200, 151, 9, 552.00, NULL),
(2201, 151, 60, 763.00, NULL),
(2202, 151, 17, 425.00, NULL),
(2203, 151, 61, 206.00, NULL),
(2204, 151, 62, 128.00, NULL),
(2205, 151, 63, 551.00, NULL),
(2206, 151, 64, 452.00, NULL),
(2207, 151, 65, 446.00, NULL),
(2208, 152, 13, 304.00, NULL),
(2209, 152, 66, 679.00, NULL),
(2210, 152, 67, 439.00, NULL),
(2211, 152, 68, 263.00, NULL),
(2212, 152, 69, -7.00, NULL),
(2213, 152, 70, 367.00, NULL),
(2214, 152, 71, 566.00, NULL),
(2215, 152, 72, 319.00, NULL),
(2216, 152, 3, 439.00, NULL),
(2217, 152, 4, 563.00, NULL),
(2218, 152, 78, 306.00, NULL),
(2219, 152, 18, 256.00, NULL),
(2220, 152, 20, 532.00, NULL),
(2221, 152, 26, 474.00, NULL),
(2222, 152, 79, 241.00, NULL),
(2223, 152, 36, 231.00, NULL),
(2224, 153, 80, 847.00, NULL),
(2225, 153, 12, 798.00, NULL),
(2226, 153, 81, 327.00, NULL),
(2227, 153, 82, 1058.00, NULL),
(2228, 153, 32, 733.00, NULL),
(2229, 153, 84, 1024.00, NULL),
(2230, 153, 47, 305.00, NULL),
(2231, 153, 83, -93.00, NULL),
(2232, 153, 73, 46.00, NULL),
(2233, 153, 74, -47.00, NULL),
(2234, 153, 10, 487.00, NULL),
(2235, 153, 75, 207.00, NULL),
(2236, 153, 24, 261.00, NULL),
(2237, 153, 76, 376.00, NULL),
(2238, 153, 77, 255.00, NULL),
(2239, 153, 53, 241.00, NULL),
(2240, 154, 9, 715.00, NULL),
(2241, 154, 60, 830.00, NULL),
(2242, 154, 17, 275.00, NULL),
(2243, 154, 61, 351.00, NULL),
(2244, 154, 62, 131.00, NULL),
(2245, 154, 63, 381.00, NULL),
(2246, 154, 64, 320.00, NULL),
(2247, 154, 65, 445.00, NULL),
(2248, 154, 13, 553.00, NULL),
(2249, 154, 66, 485.00, NULL),
(2250, 154, 67, 427.00, NULL),
(2251, 154, 68, 327.00, NULL),
(2252, 154, 69, 256.00, NULL),
(2253, 154, 70, 468.00, NULL),
(2254, 154, 71, 548.00, NULL),
(2255, 154, 72, 268.00, NULL),
(2256, 155, 7, 193.00, NULL),
(2257, 155, 8, 213.00, NULL),
(2258, 155, 56, 304.00, NULL),
(2259, 155, 57, 11.00, NULL),
(2260, 155, 28, -45.00, NULL),
(2261, 155, 35, 382.00, NULL),
(2262, 155, 58, 54.00, NULL),
(2263, 155, 59, 218.00, NULL),
(2264, 155, 80, 828.00, NULL),
(2265, 155, 12, 711.00, NULL),
(2266, 155, 81, 313.00, NULL),
(2267, 155, 25, 262.00, NULL),
(2268, 155, 82, 856.00, NULL),
(2269, 155, 84, 502.00, NULL),
(2270, 155, 47, 400.00, NULL),
(2271, 155, 83, 82.00, NULL),
(2272, 156, 73, 138.00, NULL),
(2273, 156, 74, 262.00, NULL),
(2274, 156, 10, 347.00, NULL),
(2275, 156, 75, 536.00, NULL),
(2276, 156, 24, 155.00, NULL),
(2277, 156, 76, 419.00, NULL),
(2278, 156, 77, 421.00, NULL),
(2279, 156, 53, 347.00, NULL),
(2280, 156, 3, 579.00, NULL),
(2281, 156, 4, 473.00, NULL),
(2282, 156, 78, 272.00, NULL),
(2283, 156, 18, 255.00, NULL),
(2284, 156, 20, 540.00, NULL),
(2285, 156, 26, 262.00, NULL),
(2286, 156, 79, 226.00, NULL),
(2287, 156, 36, 418.00, NULL),
(2288, 157, 9, 539.00, NULL),
(2289, 157, 60, 418.00, NULL),
(2290, 157, 17, 160.00, NULL),
(2291, 157, 61, 410.00, NULL),
(2292, 157, 62, 11.00, NULL),
(2293, 157, 63, 605.00, NULL),
(2294, 157, 64, 438.00, NULL),
(2295, 157, 65, 547.00, NULL),
(2296, 157, 3, 450.00, NULL),
(2297, 157, 4, 380.00, NULL),
(2298, 157, 78, 462.00, NULL),
(2299, 157, 18, 372.00, NULL),
(2300, 157, 20, 429.00, NULL),
(2301, 157, 26, 229.00, NULL),
(2302, 157, 79, 355.00, NULL),
(2303, 157, 36, 321.00, NULL),
(2304, 158, 7, 208.00, NULL),
(2305, 158, 8, 417.00, NULL),
(2306, 158, 56, 359.00, NULL),
(2307, 158, 57, 88.00, NULL),
(2308, 158, 28, 618.00, NULL),
(2309, 158, 35, 154.00, NULL),
(2310, 158, 58, 160.00, NULL),
(2311, 158, 59, 257.00, NULL),
(2312, 158, 13, 554.00, NULL),
(2313, 158, 66, 446.00, NULL),
(2314, 158, 67, 478.00, NULL),
(2315, 158, 68, 403.00, NULL),
(2316, 158, 69, 164.00, NULL),
(2317, 158, 70, 148.00, NULL),
(2318, 158, 71, 461.00, NULL),
(2319, 158, 72, 487.00, NULL),
(2320, 159, 73, 139.00, NULL),
(2321, 159, 74, 331.00, NULL),
(2322, 159, 10, 459.00, NULL),
(2323, 159, 75, 669.00, NULL),
(2324, 159, 24, 391.00, NULL),
(2325, 159, 76, 292.00, NULL),
(2326, 159, 77, 496.00, NULL),
(2327, 159, 53, 229.00, NULL),
(2328, 159, 7, 163.00, NULL),
(2329, 159, 8, 342.00, NULL),
(2330, 159, 56, 351.00, NULL),
(2331, 159, 57, 153.00, NULL),
(2332, 159, 28, 388.00, NULL),
(2333, 159, 35, 532.00, NULL),
(2334, 159, 58, 97.00, NULL),
(2335, 159, 59, 282.00, NULL),
(2336, 160, 13, 208.00, NULL),
(2337, 160, 66, 276.00, NULL),
(2338, 160, 67, 132.00, NULL),
(2339, 160, 68, 288.00, NULL),
(2340, 160, 69, 73.00, NULL),
(2341, 160, 70, 218.00, NULL),
(2342, 160, 71, 275.00, NULL),
(2343, 160, 72, 165.00, NULL),
(2344, 160, 80, 731.00, NULL),
(2345, 160, 12, 691.00, NULL),
(2346, 160, 81, 188.00, NULL),
(2347, 160, 25, 145.00, NULL),
(2348, 160, 82, 620.00, NULL),
(2349, 160, 32, 555.00, NULL),
(2350, 160, 84, 566.00, NULL),
(2351, 160, 47, 302.00, NULL),
(2352, 161, 80, 774.00, NULL),
(2353, 161, 12, 623.00, NULL),
(2354, 161, 81, 233.00, NULL),
(2355, 161, 25, 266.00, NULL),
(2356, 161, 82, 769.00, NULL),
(2357, 161, 32, 430.00, NULL),
(2358, 161, 84, 630.00, NULL),
(2359, 161, 47, 418.00, NULL),
(2360, 161, 9, 190.00, NULL),
(2361, 161, 60, 156.00, NULL),
(2362, 161, 17, 120.00, NULL),
(2363, 161, 61, 170.00, NULL),
(2364, 161, 62, -74.00, NULL),
(2365, 161, 63, 339.00, NULL),
(2366, 161, 64, 283.00, NULL),
(2367, 161, 65, 173.00, NULL),
(2368, 162, 3, 612.00, NULL),
(2369, 162, 4, 528.00, NULL),
(2370, 162, 78, 408.00, NULL),
(2371, 162, 18, 426.00, NULL),
(2372, 162, 20, 277.00, NULL),
(2373, 162, 26, 318.00, NULL),
(2374, 162, 79, 290.00, NULL),
(2375, 162, 36, 418.00, NULL),
(2376, 162, 7, 532.00, NULL),
(2377, 162, 8, 173.00, NULL),
(2378, 162, 56, 389.00, NULL),
(2379, 162, 57, 156.00, NULL),
(2380, 162, 28, 501.00, NULL),
(2381, 162, 35, 351.00, NULL),
(2382, 162, 58, 346.00, NULL),
(2383, 162, 59, 145.00, NULL),
(2384, 163, 13, 568.00, NULL),
(2385, 163, 66, 431.00, NULL),
(2386, 163, 67, 303.00, NULL),
(2387, 163, 68, 461.00, NULL),
(2388, 163, 69, 88.00, NULL),
(2389, 163, 70, 249.00, NULL),
(2390, 163, 71, 686.00, NULL),
(2391, 163, 72, 300.00, NULL),
(2392, 163, 73, -60.00, NULL),
(2393, 163, 74, 332.00, NULL),
(2394, 163, 10, 522.00, NULL),
(2395, 163, 75, 655.00, NULL),
(2396, 163, 24, 511.00, NULL),
(2397, 163, 76, 237.00, NULL),
(2398, 163, 77, 364.00, NULL),
(2399, 163, 53, 144.00, NULL),
(2400, 164, 3, 424.00, NULL),
(2401, 164, 4, 436.00, NULL),
(2402, 164, 78, 474.00, NULL),
(2403, 164, 18, 131.00, NULL),
(2404, 164, 20, -4.00, NULL),
(2405, 164, 26, 1.00, NULL),
(2406, 164, 79, 144.00, NULL),
(2407, 164, 36, 113.00, NULL),
(2408, 164, 80, 869.00, NULL),
(2409, 164, 12, 598.00, NULL),
(2410, 164, 81, 187.00, NULL),
(2411, 164, 25, 509.00, NULL),
(2412, 164, 82, 625.00, NULL),
(2413, 164, 32, 418.00, NULL),
(2414, 164, 84, 425.00, NULL),
(2415, 164, 47, 307.00, NULL),
(2416, 165, 73, 95.00, NULL),
(2417, 165, 74, 180.00, NULL),
(2418, 165, 10, 373.00, NULL),
(2419, 165, 75, 486.00, NULL),
(2420, 165, 24, 340.00, NULL),
(2421, 165, 76, 301.00, NULL),
(2422, 165, 77, 422.00, NULL),
(2423, 165, 53, 225.00, NULL),
(2424, 165, 9, 353.00, NULL),
(2425, 165, 60, 334.00, NULL),
(2426, 165, 17, 225.00, NULL),
(2427, 165, 61, 276.00, NULL),
(2428, 165, 62, 128.00, NULL),
(2429, 165, 63, 451.00, NULL),
(2430, 165, 64, 699.00, NULL),
(2431, 165, 65, 573.00, NULL),
(2432, 166, 73, 0.00, NULL),
(2433, 166, 74, 0.00, NULL),
(2434, 166, 10, 0.00, NULL),
(2435, 166, 75, 0.00, NULL),
(2436, 166, 24, 0.00, NULL),
(2437, 166, 76, 0.00, NULL),
(2438, 166, 77, 0.00, NULL),
(2439, 166, 53, 0.00, NULL),
(2440, 166, 80, 0.00, NULL),
(2441, 166, 12, 0.00, NULL),
(2442, 166, 81, 0.00, NULL),
(2443, 166, 25, 0.00, NULL),
(2444, 166, 82, 0.00, NULL),
(2445, 166, 32, 0.00, NULL),
(2446, 166, 84, 0.00, NULL),
(2447, 166, 47, 0.00, NULL),
(2448, 167, 9, 1210.00, NULL),
(2449, 167, 60, 3252.00, NULL),
(2450, 167, 17, 1232.00, NULL),
(2451, 167, 61, 240.00, NULL),
(2452, 167, 62, 682.00, NULL),
(2453, 167, 63, 1502.00, NULL),
(2454, 167, 64, 440.00, NULL),
(2455, 167, 65, 2082.00, NULL),
(2456, 167, 3, 2362.00, NULL),
(2457, 167, 4, 1700.00, NULL),
(2458, 167, 78, 1262.00, NULL),
(2459, 167, 18, 2512.00, NULL),
(2460, 167, 20, 2492.00, NULL),
(2461, 167, 26, 1772.00, NULL),
(2462, 167, 79, 1200.00, NULL),
(2463, 167, 36, 1831.00, NULL),
(2464, 168, 7, 941.00, NULL),
(2465, 168, 8, 280.00, NULL),
(2466, 168, 56, 931.00, NULL),
(2467, 168, 57, 1782.00, NULL),
(2468, 168, 28, 1621.00, NULL),
(2469, 168, 35, 2722.00, NULL),
(2470, 168, 58, 741.00, NULL),
(2471, 168, 59, -140.00, NULL),
(2472, 168, 13, 1672.00, NULL),
(2473, 168, 66, 2332.00, NULL),
(2474, 168, 67, 1572.00, NULL),
(2475, 168, 68, 940.00, NULL),
(2476, 168, 69, 1402.00, NULL),
(2477, 168, 70, 1662.00, NULL),
(2478, 168, 71, 3151.00, NULL),
(2479, 168, 72, 2442.00, NULL),
(2480, 169, 80, 1592.00, NULL),
(2481, 169, 12, 2871.00, NULL),
(2482, 169, 81, 1712.00, NULL),
(2483, 169, 25, -90.00, NULL),
(2484, 169, 82, 670.00, NULL),
(2485, 169, 32, 2261.00, NULL),
(2486, 169, 84, 1170.00, NULL),
(2487, 169, 47, 3572.00, NULL),
(2488, 169, 13, 1512.00, NULL),
(2489, 169, 66, 1351.00, NULL),
(2490, 169, 67, 1592.00, NULL),
(2491, 169, 68, 310.00, NULL),
(2492, 169, 69, 852.00, NULL),
(2493, 169, 70, 810.00, NULL),
(2494, 169, 71, 1070.00, NULL),
(2495, 169, 72, 580.00, NULL),
(2496, 170, 9, 2152.00, NULL),
(2497, 170, 60, 3142.00, NULL),
(2498, 170, 17, 2282.00, NULL),
(2499, 170, 61, 770.00, NULL),
(2500, 170, 62, 1642.00, NULL),
(2501, 170, 63, 2372.00, NULL),
(2502, 170, 64, 1982.00, NULL),
(2503, 170, 65, 3422.00, NULL),
(2504, 170, 7, 661.00, NULL),
(2505, 170, 8, 2280.00, NULL),
(2506, 170, 56, 2312.00, NULL),
(2507, 170, 57, 460.00, NULL),
(2508, 170, 28, 312.00, NULL),
(2509, 170, 35, 440.00, NULL),
(2510, 170, 58, 1472.00, NULL),
(2511, 170, 59, 170.00, NULL),
(2512, 171, 73, 330.00, NULL),
(2513, 171, 74, 1062.00, NULL),
(2514, 171, 10, 3172.00, NULL),
(2515, 171, 75, 1870.00, NULL),
(2516, 171, 24, 770.00, NULL),
(2517, 171, 76, 1682.00, NULL),
(2518, 171, 77, 220.00, NULL),
(2519, 171, 53, 1500.00, NULL),
(2520, 171, 13, 1660.00, NULL),
(2521, 171, 66, -290.00, NULL),
(2522, 171, 67, 1650.00, NULL),
(2523, 171, 68, -179.00, NULL),
(2524, 171, 69, 582.00, NULL),
(2525, 171, 70, 630.00, NULL),
(2526, 171, 71, 1440.00, NULL),
(2527, 171, 72, 1092.00, NULL),
(2528, 172, 3, 1492.00, NULL),
(2529, 172, 4, 2002.00, NULL),
(2530, 172, 78, 1662.00, NULL),
(2531, 172, 18, 2372.00, NULL),
(2532, 172, 20, 1142.00, NULL),
(2533, 172, 26, 2042.00, NULL),
(2534, 172, 79, 1350.00, NULL),
(2535, 172, 36, 2252.00, NULL),
(2536, 172, 7, 3032.00, NULL),
(2537, 172, 8, 250.00, NULL),
(2538, 172, 56, 3742.00, NULL),
(2539, 172, 57, 1961.00, NULL),
(2540, 172, 28, 1992.00, NULL),
(2541, 172, 35, 3531.00, NULL),
(2542, 172, 58, 3961.00, NULL),
(2543, 172, 59, 1030.00, NULL),
(2544, 173, 80, 811.00, NULL),
(2545, 173, 12, 1280.00, NULL),
(2546, 173, 81, 782.00, NULL),
(2547, 173, 25, 1482.00, NULL),
(2548, 173, 82, -560.00, NULL),
(2549, 173, 32, 351.00, NULL),
(2550, 173, 84, -20.00, NULL),
(2551, 173, 47, 971.00, NULL),
(2552, 173, 9, 3162.00, NULL),
(2553, 173, 60, 4150.00, NULL),
(2554, 173, 17, 2722.00, NULL),
(2555, 173, 61, 2371.00, NULL),
(2556, 173, 62, 2002.00, NULL),
(2557, 173, 63, 3661.00, NULL),
(2558, 173, 64, 980.00, NULL),
(2559, 173, 65, 2242.00, NULL),
(2560, 174, 7, 1152.00, NULL),
(2561, 174, 8, 420.00, NULL),
(2562, 174, 56, 2022.00, NULL),
(2563, 174, 57, 50.00, NULL),
(2564, 174, 28, 1591.00, NULL),
(2565, 174, 35, 2912.00, NULL),
(2566, 174, 58, 1220.00, NULL),
(2567, 174, 59, -440.00, NULL),
(2568, 174, 73, -190.00, NULL),
(2569, 174, 74, 1760.00, NULL),
(2570, 174, 10, 2952.00, NULL),
(2571, 174, 75, 2272.00, NULL),
(2572, 174, 24, 2422.00, NULL),
(2573, 174, 76, 871.00, NULL),
(2574, 174, 77, 2392.00, NULL),
(2575, 174, 53, 2001.00, NULL),
(2576, 175, 13, 550.00, NULL),
(2577, 175, 66, -450.00, NULL),
(2578, 175, 67, 1320.00, NULL),
(2579, 175, 68, 680.00, NULL),
(2580, 175, 69, -389.00, NULL),
(2581, 175, 70, 350.00, NULL),
(2582, 175, 71, 1410.00, NULL),
(2583, 175, 72, 1102.00, NULL),
(2584, 175, 9, 1852.00, NULL),
(2585, 175, 60, 5001.00, NULL),
(2586, 175, 17, 2451.00, NULL),
(2587, 175, 61, 1360.00, NULL),
(2588, 175, 62, 851.00, NULL),
(2589, 175, 63, 2292.00, NULL),
(2590, 175, 64, 1360.00, NULL),
(2591, 175, 65, 3272.00, NULL),
(2592, 176, 3, 2802.00, NULL),
(2593, 176, 4, 50.00, NULL),
(2594, 176, 78, 1631.00, NULL),
(2595, 176, 18, 2451.00, NULL),
(2596, 176, 20, 2232.00, NULL),
(2597, 176, 26, 262.00, NULL),
(2598, 176, 79, 940.00, NULL),
(2599, 176, 36, 1831.00, NULL),
(2600, 176, 80, 2532.00, NULL),
(2601, 176, 12, 1200.00, NULL),
(2602, 176, 25, 2270.00, NULL),
(2603, 176, 82, 390.00, NULL),
(2604, 176, 32, 2360.00, NULL),
(2605, 176, 84, 340.00, NULL),
(2606, 176, 47, 3232.00, NULL),
(2607, 176, 83, -300.00, NULL),
(2608, 177, 73, 1.00, NULL),
(2609, 177, 74, 1811.00, NULL),
(2610, 177, 10, 1712.00, NULL),
(2611, 177, 75, 1.00, NULL),
(2612, 177, 24, 2262.00, NULL),
(2613, 177, 76, 3712.00, NULL),
(2614, 177, 77, 912.00, NULL),
(2615, 177, 53, 160.00, NULL),
(2616, 177, 9, 2542.00, NULL),
(2617, 177, 60, 4172.00, NULL),
(2618, 177, 17, 1741.00, NULL),
(2619, 177, 61, 740.00, NULL),
(2620, 177, 62, 1262.00, NULL),
(2621, 177, 63, 3431.00, NULL),
(2622, 177, 64, 1710.00, NULL),
(2623, 177, 65, 2422.00, NULL),
(2624, 178, 7, 850.00, NULL),
(2625, 178, 8, 510.00, NULL),
(2626, 178, 56, 350.00, NULL),
(2627, 178, 57, 2402.00, NULL),
(2628, 178, 28, 2141.00, NULL),
(2629, 178, 35, 1422.00, NULL),
(2630, 178, 58, 290.00, NULL),
(2631, 178, 59, 760.00, NULL),
(2632, 178, 80, 2222.00, NULL),
(2633, 178, 12, 1480.00, NULL),
(2634, 178, 81, 1640.00, NULL),
(2635, 178, 25, 1682.00, NULL),
(2636, 178, 82, 1532.00, NULL),
(2637, 178, 32, 1712.00, NULL),
(2638, 178, 84, 1720.00, NULL),
(2639, 178, 47, 970.00, NULL),
(2640, 179, 13, 1570.00, NULL),
(2641, 179, 66, 1051.00, NULL),
(2642, 179, 67, 2480.00, NULL),
(2643, 179, 68, 1792.00, NULL),
(2644, 179, 69, 1612.00, NULL),
(2645, 179, 70, -490.00, NULL),
(2646, 179, 71, 1441.00, NULL),
(2647, 179, 72, 190.00, NULL),
(2648, 179, 3, 3451.00, NULL),
(2649, 179, 4, 2690.00, NULL),
(2650, 179, 78, 2553.00, NULL),
(2651, 179, 18, 4102.00, NULL),
(2652, 179, 20, 4652.00, NULL),
(2653, 179, 26, 1762.00, NULL),
(2654, 179, 79, 4171.00, NULL),
(2655, 179, 36, 2492.00, NULL),
(2656, 180, 80, 9075.00, NULL),
(2657, 180, 12, 14440.00, NULL),
(2658, 180, 81, 9660.00, NULL),
(2659, 180, 25, 16550.00, NULL),
(2660, 180, 82, 13340.00, NULL),
(2661, 180, 32, 23090.00, NULL),
(2662, 180, 84, 12570.00, NULL),
(2663, 180, 47, 23045.00, NULL),
(2664, 180, 3, 11590.00, NULL),
(2665, 180, 4, 10995.00, NULL),
(2666, 180, 78, 13475.00, NULL),
(2667, 180, 18, 8430.00, NULL),
(2668, 180, 20, 17300.00, NULL),
(2669, 180, 26, 10655.00, NULL),
(2670, 180, 79, 13650.00, NULL),
(2671, 180, 36, 15350.00, NULL),
(2672, 181, 73, 9805.00, NULL),
(2673, 181, 74, 20485.00, NULL),
(2674, 181, 10, 20095.00, NULL),
(2675, 181, 75, 12660.00, NULL),
(2676, 181, 24, 10635.00, NULL),
(2677, 181, 76, 12670.00, NULL),
(2678, 181, 77, 14780.00, NULL),
(2679, 181, 53, 13710.00, NULL),
(2680, 181, 13, 24440.00, NULL),
(2681, 181, 66, 15565.00, NULL),
(2682, 181, 67, 10330.00, NULL),
(2683, 181, 68, 11205.00, NULL),
(2684, 181, 69, 15365.00, NULL),
(2685, 181, 70, 13565.00, NULL),
(2686, 181, 71, 13480.00, NULL),
(2687, 181, 72, 11620.00, NULL),
(2688, 182, 9, 19475.00, NULL),
(2689, 182, 60, 28500.00, NULL),
(2690, 182, 17, 25685.00, NULL),
(2691, 182, 61, 10015.00, NULL),
(2692, 182, 62, 7050.00, NULL),
(2693, 182, 63, 8210.00, NULL),
(2694, 182, 64, 18645.00, NULL),
(2695, 182, 65, 7215.00, NULL),
(2696, 182, 7, 16520.00, NULL),
(2697, 182, 8, 17960.00, NULL),
(2698, 182, 56, 6435.00, NULL),
(2699, 182, 57, 15305.00, NULL),
(2700, 182, 28, 9870.00, NULL),
(2701, 182, 35, 13240.00, NULL),
(2702, 182, 58, 4265.00, NULL),
(2703, 182, 59, 13350.00, NULL),
(2704, 183, 13, 25480.00, NULL),
(2705, 183, 66, 6920.00, NULL),
(2706, 183, 67, 16540.00, NULL),
(2707, 183, 68, 18365.00, NULL),
(2708, 183, 69, 18300.00, NULL),
(2709, 183, 70, 7430.00, NULL),
(2710, 183, 71, 10895.00, NULL),
(2711, 183, 72, 12200.00, NULL),
(2712, 183, 80, 16875.00, NULL),
(2713, 183, 12, 16575.00, NULL),
(2714, 183, 81, 12995.00, NULL),
(2715, 183, 25, 20325.00, NULL),
(2716, 183, 82, 18655.00, NULL),
(2717, 183, 32, 34820.00, NULL),
(2718, 183, 84, 15485.00, NULL),
(2719, 183, 47, 16440.00, NULL),
(2720, 184, 3, 19540.00, NULL),
(2721, 184, 4, 21185.00, NULL),
(2722, 184, 78, 14460.00, NULL),
(2723, 184, 18, 21510.00, NULL),
(2724, 184, 20, 21405.00, NULL),
(2725, 184, 26, 10890.00, NULL),
(2726, 184, 79, 16730.00, NULL),
(2727, 184, 36, 16310.00, NULL),
(2728, 184, 7, 23570.00, NULL),
(2729, 184, 8, 11365.00, NULL),
(2730, 184, 56, 11540.00, NULL),
(2731, 184, 57, 13770.00, NULL),
(2732, 184, 28, 16380.00, NULL),
(2733, 184, 35, 22050.00, NULL),
(2734, 184, 58, 11910.00, NULL),
(2735, 184, 59, 17580.00, NULL),
(2736, 185, 73, 12605.00, NULL),
(2737, 185, 74, 9828.00, NULL),
(2738, 185, 10, 12055.00, NULL),
(2739, 185, 75, 8765.00, NULL),
(2740, 185, 24, 12270.00, NULL),
(2741, 185, 76, 13165.00, NULL),
(2742, 185, 77, 7804.00, NULL),
(2743, 185, 53, 18225.00, NULL),
(2744, 185, 9, 15680.00, NULL),
(2745, 185, 60, 17520.00, NULL),
(2746, 185, 17, 15495.00, NULL),
(2747, 185, 61, 10565.00, NULL),
(2748, 185, 62, 11700.00, NULL),
(2749, 185, 63, 9520.00, NULL),
(2750, 185, 64, 17370.00, NULL),
(2751, 185, 65, 9360.00, NULL),
(2752, 186, 80, 13935.00, NULL),
(2753, 186, 12, 29930.00, NULL),
(2754, 186, 25, 14555.00, NULL),
(2755, 186, 82, 10635.00, NULL),
(2756, 186, 32, 23885.00, NULL),
(2757, 186, 84, 19505.00, NULL),
(2758, 186, 47, 12165.00, NULL),
(2759, 186, 83, 3865.00, NULL),
(2760, 186, 7, 12695.00, NULL),
(2761, 186, 8, 13810.00, NULL),
(2762, 186, 56, 11970.00, NULL),
(2763, 186, 57, 6715.00, NULL),
(2764, 186, 28, 14080.00, NULL),
(2765, 186, 35, 19215.00, NULL),
(2766, 186, 58, 7730.00, NULL),
(2767, 186, 59, 17200.00, NULL),
(2768, 187, 13, 16825.00, NULL),
(2769, 187, 66, 11735.00, NULL),
(2770, 187, 67, 13280.00, NULL),
(2771, 187, 68, 14125.00, NULL),
(2772, 187, 69, 15175.00, NULL),
(2773, 187, 70, 11785.00, NULL),
(2774, 187, 71, 11155.00, NULL),
(2775, 187, 72, 10330.00, NULL),
(2776, 187, 9, 25355.00, NULL),
(2777, 187, 60, 18375.00, NULL),
(2778, 187, 17, 21385.00, NULL),
(2779, 187, 61, 16635.00, NULL),
(2780, 187, 62, 10330.00, NULL),
(2781, 187, 63, 16385.00, NULL),
(2782, 187, 64, 17795.00, NULL),
(2783, 187, 65, 15295.00, NULL),
(2784, 188, 3, 20030.00, NULL),
(2785, 188, 4, 26275.00, NULL),
(2786, 188, 78, 9755.00, NULL),
(2787, 188, 18, 8460.00, NULL),
(2788, 188, 20, 23960.00, NULL),
(2789, 188, 26, 8055.00, NULL),
(2790, 188, 79, 9660.00, NULL),
(2791, 188, 36, 5820.00, NULL),
(2792, 188, 73, 15785.00, NULL),
(2793, 188, 74, 8275.00, NULL),
(2794, 188, 10, 12685.00, NULL),
(2795, 188, 75, 14730.00, NULL),
(2796, 188, 24, 12165.00, NULL),
(2797, 188, 76, 10870.00, NULL),
(2798, 188, 77, 15600.00, NULL),
(2799, 188, 53, 20545.00, NULL),
(2800, 189, 9, 16290.00, NULL),
(2801, 189, 60, 24150.00, NULL),
(2802, 189, 17, 8030.00, NULL),
(2803, 189, 61, 12085.00, NULL),
(2804, 189, 62, 16905.00, NULL),
(2805, 189, 63, 16215.00, NULL),
(2806, 189, 64, 19815.00, NULL),
(2807, 189, 65, 11805.00, NULL),
(2808, 189, 80, 13785.00, NULL),
(2809, 189, 12, 22655.00, NULL),
(2810, 189, 81, 16140.00, NULL),
(2811, 189, 25, 16375.00, NULL),
(2812, 189, 82, 8065.00, NULL),
(2813, 189, 32, 9890.00, NULL),
(2814, 189, 84, 17025.00, NULL),
(2815, 189, 47, 11535.00, NULL),
(2816, 190, 7, 14610.00, NULL),
(2817, 190, 8, 18775.00, NULL),
(2818, 190, 56, 11740.00, NULL),
(2819, 190, 57, 8490.00, NULL),
(2820, 190, 28, 9515.00, NULL),
(2821, 190, 35, 14380.00, NULL),
(2822, 190, 58, 10120.00, NULL),
(2823, 190, 59, 8895.00, NULL),
(2824, 190, 73, 13480.00, NULL),
(2825, 190, 74, 13465.00, NULL),
(2826, 190, 10, 12835.00, NULL),
(2827, 190, 75, 11050.00, NULL),
(2828, 190, 24, 11965.00, NULL),
(2829, 190, 76, 14270.00, NULL),
(2830, 190, 77, 8085.00, NULL),
(2831, 190, 53, 16105.00, NULL),
(2832, 191, 13, 14445.00, NULL),
(2833, 191, 66, 19830.00, NULL),
(2834, 191, 67, 16150.00, NULL),
(2835, 191, 68, 20345.00, NULL),
(2836, 191, 69, 17360.00, NULL),
(2837, 191, 70, 10390.00, NULL),
(2838, 191, 71, 17505.00, NULL),
(2839, 191, 72, 16615.00, NULL),
(2840, 191, 3, 18985.00, NULL),
(2841, 191, 4, 22545.00, NULL),
(2842, 191, 78, 18180.00, NULL),
(2843, 191, 18, 13045.00, NULL),
(2844, 191, 20, 34180.00, NULL),
(2845, 191, 26, 15265.00, NULL),
(2846, 191, 79, 14955.00, NULL),
(2847, 191, 36, 17055.00, NULL),
(2848, 192, 80, 9680.00, NULL),
(2849, 192, 12, 15525.00, NULL),
(2850, 192, 25, 8780.00, NULL),
(2851, 192, 82, 13070.00, NULL),
(2852, 192, 32, 19215.00, NULL),
(2853, 192, 84, 9985.00, NULL),
(2854, 192, 47, 11815.00, NULL),
(2855, 192, 83, 3775.00, NULL),
(2856, 192, 73, 15915.00, NULL),
(2857, 192, 74, 14830.00, NULL),
(2858, 192, 10, 15535.00, NULL),
(2859, 192, 75, 17225.00, NULL),
(2860, 192, 24, 16665.00, NULL),
(2861, 192, 76, 10755.00, NULL),
(2862, 192, 77, 10110.00, NULL),
(2863, 192, 53, 12130.00, NULL),
(2864, 193, 9, 19320.00, NULL),
(2865, 193, 60, 23660.00, NULL),
(2866, 193, 17, 23955.00, NULL),
(2867, 193, 61, 14000.00, NULL),
(2868, 193, 62, 16765.00, NULL),
(2869, 193, 63, 15175.00, NULL),
(2870, 193, 64, 12725.00, NULL),
(2871, 193, 65, 15425.00, NULL),
(2872, 193, 3, 12920.00, NULL),
(2873, 193, 4, 15750.00, NULL),
(2874, 193, 78, 21200.00, NULL),
(2875, 193, 18, 15495.00, NULL),
(2876, 193, 20, 26315.00, NULL),
(2877, 193, 26, 27310.00, NULL),
(2878, 193, 79, 11740.00, NULL),
(2879, 193, 36, 14725.00, NULL),
(2880, 194, 7, 14510.00, NULL),
(2881, 194, 8, 16070.00, NULL),
(2882, 194, 56, 12055.00, NULL),
(2883, 194, 57, 12775.00, NULL),
(2884, 194, 28, 11925.00, NULL),
(2885, 194, 35, 18700.00, NULL),
(2886, 194, 58, 9455.00, NULL),
(2887, 194, 59, 9405.00, NULL),
(2888, 194, 13, 26470.00, NULL),
(2889, 194, 66, 10865.00, NULL),
(2890, 194, 67, 16725.00, NULL),
(2891, 194, 68, 18365.00, NULL),
(2892, 194, 69, 11985.00, NULL),
(2893, 194, 70, 4470.00, NULL),
(2894, 194, 71, 11945.00, NULL),
(2895, 194, 72, 11000.00, NULL),
(2896, 195, 3, 0.00, NULL),
(2897, 195, 4, 13.00, NULL),
(2898, 195, 78, 23.00, NULL),
(2899, 195, 18, -7.00, NULL),
(2900, 195, 20, 23.00, NULL),
(2901, 195, 26, 8.00, NULL),
(2902, 195, 79, 13.00, NULL),
(2903, 195, 36, 4.00, NULL),
(2904, 195, 13, -20.00, NULL),
(2905, 195, 66, 4.00, NULL),
(2906, 195, 67, 2.00, NULL),
(2907, 195, 68, 0.00, NULL),
(2908, 195, 69, -10.00, NULL),
(2909, 195, 70, -16.00, NULL),
(2910, 195, 71, -2.00, NULL),
(2911, 195, 72, -5.00, NULL),
(2912, 196, 80, -12.00, NULL),
(2913, 196, 12, -3.00, NULL),
(2914, 196, 81, -18.00, NULL),
(2915, 196, 25, -1.00, NULL),
(2916, 196, 82, -7.00, NULL),
(2917, 196, 84, -20.00, NULL),
(2918, 196, 47, -15.00, NULL),
(2919, 196, 83, -21.00, NULL),
(2920, 196, 7, 30.00, NULL),
(2921, 196, 8, 7.00, NULL),
(2922, 196, 56, 7.00, NULL),
(2923, 196, 57, -6.00, NULL),
(2924, 196, 28, 47.00, NULL),
(2925, 196, 35, 34.00, NULL),
(2926, 196, 58, 3.00, NULL),
(2927, 196, 59, 5.00, NULL),
(2928, 197, 73, 3.00, NULL),
(2929, 197, 74, 9.00, NULL),
(2930, 197, 10, 25.00, NULL),
(2931, 197, 75, 13.00, NULL),
(2932, 197, 24, 8.00, NULL),
(2933, 197, 76, 41.00, NULL),
(2934, 197, 77, 21.00, NULL),
(2935, 197, 53, 11.00, NULL),
(2936, 197, 9, -16.00, NULL),
(2937, 197, 60, -8.00, NULL),
(2938, 197, 17, -14.00, NULL),
(2939, 197, 61, -28.00, NULL),
(2940, 197, 62, -1.00, NULL),
(2941, 197, 63, -14.00, NULL),
(2942, 197, 64, -5.00, NULL),
(2943, 197, 65, -20.00, NULL),
(2944, 198, 7, -1.00, NULL),
(2945, 198, 8, 0.00, NULL),
(2946, 198, 56, 10.00, NULL),
(2947, 198, 57, 0.00, NULL),
(2948, 198, 28, 0.00, NULL),
(2949, 198, 35, 5.00, NULL),
(2950, 198, 58, 4.00, NULL),
(2951, 198, 59, -2.00, NULL),
(2952, 198, 3, 0.00, NULL),
(2953, 198, 4, 1.00, NULL),
(2954, 198, 78, -19.00, NULL),
(2955, 198, 18, -1.00, NULL),
(2956, 198, 20, -4.00, NULL),
(2957, 198, 26, 0.00, NULL),
(2958, 198, 79, 4.00, NULL),
(2959, 198, 36, 0.00, NULL),
(2960, 199, 13, 9.00, NULL),
(2961, 199, 66, -15.00, NULL),
(2962, 199, 67, -3.00, NULL),
(2963, 199, 68, -18.00, NULL),
(2964, 199, 69, -5.00, NULL),
(2965, 199, 70, -26.00, NULL),
(2966, 199, 71, 8.00, NULL),
(2967, 199, 72, -16.00, NULL),
(2968, 199, 9, 11.00, NULL),
(2969, 199, 60, 50.00, NULL),
(2970, 199, 17, -1.00, NULL),
(2971, 199, 61, 12.00, NULL),
(2972, 199, 62, 1.00, NULL),
(2973, 199, 63, -6.00, NULL),
(2974, 199, 64, 20.00, NULL),
(2975, 199, 65, -4.00, NULL),
(2976, 200, 80, -14.00, NULL),
(2977, 200, 12, 8.00, NULL),
(2978, 200, 81, -16.00, NULL),
(2979, 200, 25, -1.00, NULL),
(2980, 200, 82, -18.00, NULL),
(2981, 200, 32, -11.00, NULL),
(2982, 200, 84, -30.00, NULL),
(2983, 200, 83, -17.00, NULL),
(2984, 200, 73, 0.00, NULL),
(2985, 200, 74, 36.00, NULL),
(2986, 200, 10, 22.00, NULL),
(2987, 200, 75, 10.00, NULL),
(2988, 200, 24, 2.00, NULL),
(2989, 200, 76, 27.00, NULL),
(2990, 200, 77, 14.00, NULL),
(2991, 200, 53, 8.00, NULL),
(2992, 201, 3, 0.00, NULL),
(2993, 201, 4, 0.00, NULL),
(2994, 201, 78, 0.00, NULL),
(2995, 201, 18, 0.00, NULL),
(2996, 201, 20, 0.00, NULL),
(2997, 201, 26, 0.00, NULL),
(2998, 201, 79, 0.00, NULL),
(2999, 201, 36, 0.00, NULL),
(3000, 201, 9, 0.00, NULL),
(3001, 201, 60, 0.00, NULL),
(3002, 201, 17, 0.00, NULL),
(3003, 201, 61, 0.00, NULL),
(3004, 201, 62, 0.00, NULL),
(3005, 201, 63, 0.00, NULL),
(3006, 201, 64, 0.00, NULL),
(3007, 201, 65, 0.00, NULL),
(3008, 202, 7, 0.00, NULL),
(3009, 202, 8, 4.00, NULL),
(3010, 202, 56, -1.00, NULL),
(3011, 202, 57, -5.00, NULL),
(3012, 202, 28, 1.00, NULL),
(3013, 202, 35, 4.00, NULL),
(3014, 202, 58, 8.00, NULL),
(3015, 202, 59, -4.00, NULL),
(3016, 202, 73, 3.00, NULL),
(3017, 202, 74, -8.00, NULL),
(3018, 202, 10, 7.00, NULL),
(3019, 202, 75, 4.00, NULL),
(3020, 202, 24, -7.00, NULL),
(3021, 202, 76, 5.00, NULL),
(3022, 202, 77, -11.00, NULL),
(3023, 202, 53, 2.00, NULL),
(3024, 203, 13, -10.00, NULL),
(3025, 203, 66, -3.00, NULL),
(3026, 203, 67, 1.00, NULL),
(3027, 203, 68, -5.00, NULL),
(3028, 203, 69, -10.00, NULL),
(3029, 203, 70, -14.00, NULL),
(3030, 203, 71, 5.00, NULL),
(3031, 203, 72, -13.00, NULL),
(3032, 203, 80, 4.00, NULL),
(3033, 203, 12, 16.00, NULL),
(3034, 203, 81, -1.00, NULL),
(3035, 203, 25, 25.00, NULL),
(3036, 203, 82, 0.00, NULL),
(3037, 203, 32, -3.00, NULL),
(3038, 203, 84, 2.00, NULL),
(3039, 203, 47, 11.00, NULL),
(3040, 204, 73, -7.00, NULL),
(3041, 204, 74, 8.00, NULL),
(3042, 204, 10, 30.00, NULL),
(3043, 204, 75, 11.00, NULL),
(3044, 204, 24, 2.00, NULL),
(3045, 204, 76, 8.00, NULL),
(3046, 204, 77, 5.00, NULL),
(3047, 204, 53, 8.00, NULL),
(3048, 204, 3, -6.00, NULL),
(3049, 204, 4, -8.00, NULL),
(3050, 204, 78, -3.00, NULL),
(3051, 204, 18, -17.00, NULL),
(3052, 204, 20, -12.00, NULL),
(3053, 204, 26, -6.00, NULL),
(3054, 204, 79, -5.00, NULL),
(3055, 204, 36, -3.00, NULL),
(3056, 205, 9, 4.00, NULL),
(3057, 205, 60, -1.00, NULL),
(3058, 205, 17, 2.00, NULL),
(3059, 205, 61, 6.00, NULL),
(3060, 205, 62, -6.00, NULL),
(3061, 205, 63, 1.00, NULL),
(3062, 205, 64, -5.00, NULL),
(3063, 205, 65, -2.00, NULL),
(3064, 205, 80, 0.00, NULL),
(3065, 205, 12, 5.00, NULL),
(3066, 205, 81, 0.00, NULL),
(3067, 205, 25, 12.00, NULL),
(3068, 205, 82, 1.00, NULL),
(3069, 205, 32, -5.00, NULL),
(3070, 205, 84, -12.00, NULL),
(3071, 205, 47, -3.00, NULL),
(3072, 206, 7, 13.00, NULL),
(3073, 206, 8, -1.00, NULL),
(3074, 206, 56, 31.00, NULL),
(3075, 206, 57, -1.00, NULL),
(3076, 206, 28, 1.00, NULL),
(3077, 206, 35, 20.00, NULL),
(3078, 206, 58, 9.00, NULL),
(3079, 206, 59, 3.00, NULL),
(3080, 206, 13, -13.00, NULL),
(3081, 206, 66, -10.00, NULL),
(3082, 206, 67, 4.00, NULL),
(3083, 206, 68, -15.00, NULL),
(3084, 206, 69, -4.00, NULL),
(3085, 206, 70, -3.00, NULL),
(3086, 206, 71, -13.00, NULL),
(3087, 206, 72, -6.00, NULL),
(3088, 207, 3, -2.00, NULL),
(3089, 207, 4, 0.00, NULL),
(3090, 207, 78, 1.00, NULL),
(3091, 207, 18, 6.00, NULL),
(3092, 207, 20, 7.00, NULL),
(3093, 207, 26, -2.00, NULL),
(3094, 207, 79, 5.00, NULL),
(3095, 207, 36, 3.00, NULL),
(3096, 207, 80, 3.00, NULL),
(3097, 207, 12, -7.00, NULL),
(3098, 207, 81, 1.00, NULL),
(3099, 207, 25, -3.00, NULL),
(3100, 207, 82, 0.00, NULL),
(3101, 207, 32, -3.00, NULL),
(3102, 207, 84, -6.00, NULL),
(3103, 207, 47, -4.00, NULL),
(3104, 208, 73, 6.00, NULL),
(3105, 208, 74, 9.00, NULL),
(3106, 208, 10, 17.00, NULL),
(3107, 208, 75, 27.00, NULL),
(3108, 208, 24, 6.00, NULL),
(3109, 208, 76, 12.00, NULL),
(3110, 208, 77, 29.00, NULL),
(3111, 208, 53, 21.00, NULL),
(3112, 208, 13, -20.00, NULL),
(3113, 208, 66, -17.00, NULL),
(3114, 208, 67, -7.00, NULL),
(3115, 208, 68, -19.00, NULL),
(3116, 208, 69, -12.00, NULL),
(3117, 208, 70, -9.00, NULL),
(3118, 208, 71, -14.00, NULL),
(3119, 208, 72, -6.00, NULL),
(3120, 209, 9, -1.00, NULL),
(3121, 209, 60, -8.00, NULL),
(3122, 209, 17, -6.00, NULL),
(3123, 209, 61, -12.00, NULL),
(3124, 209, 62, -1.00, NULL),
(3125, 209, 63, -10.00, NULL),
(3126, 209, 64, -6.00, NULL),
(3127, 209, 65, -6.00, NULL),
(3128, 209, 7, 5.00, NULL),
(3129, 209, 8, 4.00, NULL),
(3130, 209, 56, 20.00, NULL),
(3131, 209, 57, 0.00, NULL),
(3132, 209, 28, 5.00, NULL),
(3133, 209, 35, 0.00, NULL),
(3134, 209, 58, 5.00, NULL),
(3135, 209, 59, 3.00, NULL),
(3136, 210, 13, 4900.00, NULL),
(3137, 210, 66, 1100.00, NULL),
(3138, 210, 67, 900.00, NULL),
(3139, 210, 68, 5600.00, NULL),
(3140, 210, 69, 1700.00, NULL),
(3141, 210, 70, 3200.00, NULL),
(3142, 210, 71, 2300.00, NULL),
(3143, 210, 72, 3100.00, NULL),
(3144, 210, 7, 100.00, NULL),
(3145, 210, 8, -200.00, NULL),
(3146, 210, 56, 500.00, NULL),
(3147, 210, 57, -700.00, NULL),
(3148, 210, 28, 3200.00, NULL),
(3149, 210, 35, 3600.00, NULL),
(3150, 210, 58, -1200.00, NULL),
(3151, 210, 59, 700.00, NULL),
(3152, 211, 3, 600.00, NULL),
(3153, 211, 4, 2200.00, NULL),
(3154, 211, 78, 1700.00, NULL),
(3155, 211, 18, 2300.00, NULL),
(3156, 211, 20, 1700.00, NULL),
(3157, 211, 26, 1400.00, NULL),
(3158, 211, 79, 1700.00, NULL),
(3159, 211, 36, 7300.00, NULL),
(3160, 211, 9, 3000.00, NULL),
(3161, 211, 60, 1700.00, NULL),
(3162, 211, 17, 2400.00, NULL),
(3163, 211, 61, 1300.00, NULL),
(3164, 211, 62, 2400.00, NULL),
(3165, 211, 63, 1700.00, NULL),
(3166, 211, 64, 1500.00, NULL),
(3167, 211, 65, 2100.00, NULL),
(3168, 212, 80, 1900.00, NULL),
(3169, 212, 12, 4900.00, NULL),
(3170, 212, 81, 1200.00, NULL),
(3171, 212, 82, 500.00, NULL),
(3172, 212, 32, 4300.00, NULL),
(3173, 212, 84, 3100.00, NULL),
(3174, 212, 47, 11900.00, NULL),
(3175, 212, 83, -100.00, NULL),
(3176, 212, 73, -1400.00, NULL),
(3177, 212, 74, -100.00, NULL),
(3178, 212, 10, 1800.00, NULL),
(3179, 212, 75, -600.00, NULL),
(3180, 212, 24, 1600.00, NULL),
(3181, 212, 76, 1400.00, NULL),
(3182, 212, 77, 500.00, NULL),
(3183, 212, 53, -300.00, NULL),
(3184, 213, 9, 2800.00, NULL),
(3185, 213, 60, 7300.00, NULL),
(3186, 213, 17, 2400.00, NULL),
(3187, 213, 61, 900.00, NULL),
(3188, 213, 62, 900.00, NULL),
(3189, 213, 63, 3100.00, NULL),
(3190, 213, 64, 4300.00, NULL),
(3191, 213, 65, 3700.00, NULL),
(3192, 213, 13, 1600.00, NULL),
(3193, 213, 66, -1900.00, NULL),
(3194, 213, 67, -1300.00, NULL),
(3195, 213, 68, 2000.00, NULL),
(3196, 213, 69, -2100.00, NULL),
(3197, 213, 70, 0.00, NULL),
(3198, 213, 71, 1400.00, NULL),
(3199, 213, 72, 2600.00, NULL),
(3200, 214, 7, 1000.00, NULL),
(3201, 214, 8, 900.00, NULL),
(3202, 214, 56, 700.00, NULL),
(3203, 214, 57, 1700.00, NULL),
(3204, 214, 28, 3000.00, NULL),
(3205, 214, 35, 1600.00, NULL),
(3206, 214, 58, 1200.00, NULL),
(3207, 214, 59, 1900.00, NULL),
(3208, 214, 73, -600.00, NULL),
(3209, 214, 74, 3600.00, NULL),
(3210, 214, 10, 1800.00, NULL),
(3211, 214, 75, 3100.00, NULL),
(3212, 214, 24, 2100.00, NULL),
(3213, 214, 76, 300.00, NULL),
(3214, 214, 77, 1200.00, NULL),
(3215, 214, 53, 1400.00, NULL),
(3216, 215, 3, 2800.00, NULL),
(3217, 215, 4, 4000.00, NULL),
(3218, 215, 78, -700.00, NULL),
(3219, 215, 18, -900.00, NULL),
(3220, 215, 20, 3700.00, NULL),
(3221, 215, 26, 4100.00, NULL),
(3222, 215, 79, 600.00, NULL),
(3223, 215, 36, 11400.00, NULL),
(3224, 215, 80, 1700.00, NULL),
(3225, 215, 12, 2100.00, NULL),
(3226, 215, 81, 900.00, NULL),
(3227, 215, 25, 900.00, NULL),
(3228, 215, 82, 300.00, NULL),
(3229, 215, 32, 300.00, NULL),
(3230, 215, 84, -1000.00, NULL),
(3231, 215, 47, 7800.00, NULL),
(3232, 216, 13, 2400.00, NULL),
(3233, 216, 66, 900.00, NULL),
(3234, 216, 67, 800.00, NULL),
(3235, 216, 68, 600.00, NULL),
(3236, 216, 69, 200.00, NULL),
(3237, 216, 70, 400.00, NULL),
(3238, 216, 71, 4400.00, NULL),
(3239, 216, 72, 1000.00, NULL),
(3240, 216, 73, 0.00, NULL),
(3241, 216, 74, 3600.00, NULL),
(3242, 216, 10, 3600.00, NULL),
(3243, 216, 75, 2500.00, NULL),
(3244, 216, 24, 2100.00, NULL),
(3245, 216, 76, 2400.00, NULL),
(3246, 216, 77, 3000.00, NULL),
(3247, 216, 53, 1900.00, NULL),
(3248, 217, 9, 100.00, NULL),
(3249, 217, 60, 2800.00, NULL),
(3250, 217, 17, 1900.00, NULL),
(3251, 217, 61, -700.00, NULL),
(3252, 217, 62, -400.00, NULL),
(3253, 217, 63, 3700.00, NULL),
(3254, 217, 64, 1100.00, NULL),
(3255, 217, 65, 1900.00, NULL),
(3256, 217, 80, 4700.00, NULL),
(3257, 217, 12, 5000.00, NULL),
(3258, 217, 81, 2600.00, NULL),
(3259, 217, 25, 3200.00, NULL),
(3260, 217, 82, -200.00, NULL),
(3261, 217, 32, 1400.00, NULL),
(3262, 217, 84, 1600.00, NULL),
(3263, 217, 47, 8100.00, NULL),
(3264, 218, 7, 0.00, NULL),
(3265, 218, 8, -1300.00, NULL),
(3266, 218, 56, 1800.00, NULL),
(3267, 218, 57, 100.00, NULL),
(3268, 218, 28, 2900.00, NULL),
(3269, 218, 35, 1800.00, NULL),
(3270, 218, 58, 100.00, NULL),
(3271, 218, 59, -200.00, NULL),
(3272, 218, 3, 4000.00, NULL),
(3273, 218, 4, 4100.00, NULL),
(3274, 218, 78, 4500.00, NULL),
(3275, 218, 18, 2500.00, NULL),
(3276, 218, 20, 1900.00, NULL),
(3277, 218, 26, 700.00, NULL),
(3278, 218, 79, 6600.00, NULL),
(3279, 218, 36, 6000.00, NULL),
(3280, 219, 80, 2800.00, NULL),
(3281, 219, 12, 7800.00, NULL),
(3282, 219, 81, 900.00, NULL),
(3283, 219, 25, 1000.00, NULL),
(3284, 219, 82, 4500.00, NULL),
(3285, 219, 32, 4500.00, NULL),
(3286, 219, 47, 10800.00, NULL),
(3287, 219, 83, 900.00, NULL),
(3288, 219, 13, -900.00, NULL),
(3289, 219, 66, 1600.00, NULL),
(3290, 219, 67, 1400.00, NULL),
(3291, 219, 68, 2200.00, NULL),
(3292, 219, 69, -300.00, NULL),
(3293, 219, 70, -900.00, NULL),
(3294, 219, 71, 0.00, NULL),
(3295, 219, 72, 1700.00, NULL),
(3296, 220, 73, -3000.00, NULL),
(3297, 220, 74, 3200.00, NULL),
(3298, 220, 10, 500.00, NULL),
(3299, 220, 75, 2700.00, NULL),
(3300, 220, 24, 800.00, NULL),
(3301, 220, 76, 1400.00, NULL),
(3302, 220, 77, 1200.00, NULL),
(3303, 220, 53, 900.00, NULL),
(3304, 220, 3, 3700.00, NULL),
(3305, 220, 4, 3100.00, NULL),
(3306, 220, 78, 2600.00, NULL),
(3307, 220, 18, 2300.00, NULL),
(3308, 220, 20, 1800.00, NULL),
(3309, 220, 26, 1500.00, NULL),
(3310, 220, 79, 5500.00, NULL),
(3311, 220, 36, 8000.00, NULL),
(3312, 221, 9, 4000.00, NULL),
(3313, 221, 60, 10900.00, NULL),
(3314, 221, 17, 3100.00, NULL),
(3315, 221, 61, 2200.00, NULL),
(3316, 221, 62, -100.00, NULL),
(3317, 221, 63, 6300.00, NULL),
(3318, 221, 64, 2800.00, NULL),
(3319, 221, 65, 3700.00, NULL),
(3320, 221, 7, 800.00, NULL),
(3321, 221, 8, -200.00, NULL),
(3322, 221, 56, -200.00, NULL),
(3323, 221, 57, -1000.00, NULL),
(3324, 221, 28, 3200.00, NULL),
(3325, 221, 35, 3000.00, NULL),
(3326, 221, 58, 700.00, NULL),
(3327, 221, 59, -700.00, NULL),
(3328, 222, 13, -1500.00, NULL),
(3329, 222, 66, 1000.00, NULL),
(3330, 222, 67, -600.00, NULL),
(3331, 222, 68, 1100.00, NULL),
(3332, 222, 69, -400.00, NULL),
(3333, 222, 70, -4100.00, NULL),
(3334, 222, 71, -2500.00, NULL),
(3335, 222, 72, 2100.00, NULL),
(3336, 222, 3, 6000.00, NULL),
(3337, 222, 4, 4800.00, NULL),
(3338, 222, 78, 3300.00, NULL),
(3339, 222, 18, 1500.00, NULL),
(3340, 222, 20, 3400.00, NULL),
(3341, 222, 26, 1600.00, NULL),
(3342, 222, 79, 7700.00, NULL),
(3343, 222, 36, 4900.00, NULL),
(3344, 223, 80, 4100.00, NULL),
(3345, 223, 12, 6400.00, NULL),
(3346, 223, 81, 2600.00, NULL),
(3347, 223, 25, 1700.00, NULL),
(3348, 223, 32, 4800.00, NULL),
(3349, 223, 84, 3600.00, NULL),
(3350, 223, 47, 14900.00, NULL),
(3351, 223, 83, 1100.00, NULL),
(3352, 223, 7, -600.00, NULL),
(3353, 223, 8, -700.00, NULL),
(3354, 223, 56, 1900.00, NULL),
(3355, 223, 57, -800.00, NULL),
(3356, 223, 28, -700.00, NULL),
(3357, 223, 35, 2200.00, NULL),
(3358, 223, 58, 700.00, NULL),
(3359, 223, 59, -200.00, NULL),
(3360, 224, 73, -1300.00, NULL),
(3361, 224, 74, 1800.00, NULL),
(3362, 224, 10, 2600.00, NULL),
(3363, 224, 75, 3600.00, NULL),
(3364, 224, 24, 100.00, NULL),
(3365, 224, 76, 3100.00, NULL),
(3366, 224, 77, 400.00, NULL),
(3367, 224, 53, 0.00, NULL),
(3368, 224, 9, 1100.00, NULL),
(3369, 224, 60, 9500.00, NULL),
(3370, 224, 17, 3300.00, NULL),
(3371, 224, 61, 1000.00, NULL),
(3372, 224, 62, 800.00, NULL),
(3373, 224, 63, 3400.00, NULL),
(3374, 224, 64, 3000.00, NULL),
(3375, 224, 65, 900.00, NULL);

-- 
-- Restore previous SQL mode
-- 
/*!40101 SET SQL_MODE=@OLD_SQL_MODE */;

-- 
-- Enable foreign keys
-- 
/*!40014 SET FOREIGN_KEY_CHECKS=@OLD_FOREIGN_KEY_CHECKS */;